{
	"parent": "item/generated",
	"display": {
		"thirdperson_righthand": {
			"rotation": [ -80, 260, -40 ],
			"translation": [ -1, -2, 2.5 ],
			"scale": [ 0.9, 0.9, 0.9 ]
		},
		"thirdperson_lefthand": {
			"rotation": [ -80, -280, 40 ],
			"translation": [ -1, -2, 2.5 ],
			"scale": [ 0.9, 0.9, 0.9 ]
		},
		"firstperson_righthand": {
			"rotation": [ 0, -90, 25 ],
			"translation": [ 1.13, 3.2, 1.13],
			"scale": [ 0.68, 0.68, 0.68 ]
		},
		"firstperson_lefthand": {
			"rotation": [ 0, 90, -25 ],
			"translation": [ 1.13, 3.2, 1.13],
			"scale": [ 0.68, 0.68, 0.68 ]
		}
	},
	"textures": {
		"layer0": "item/bow"
	},
	"overrides": [
		{ "predicate": { "damage": 0 }, "model": "item/bow" },
		{ "predicate": { "damaged": 0, "damage": 0.002604166666667 }, "model": "item/bow1" },
		{ "predicate": { "damaged": 0, "damage": 0.005208333333333 }, "model": "item/bow2" },
		{ "predicate": { "damaged": 0, "damage": 0.0078125 }, "model": "item/bow3" },
		{ "predicate": { "damaged": 0, "damage": 0.010416666666667 }, "model": "item/bow4" },
		{ "predicate": { "damaged": 0, "damage": 0.013020833333333 }, "model": "item/bow5" },
		{ "predicate": { "damaged": 0, "damage": 0.015625 }, "model": "item/bow6" },
		{ "predicate": { "damaged": 0, "damage": 0.018229166666667 }, "model": "item/bow7" },
		{ "predicate": { "damaged": 0, "damage": 0.020833333333333 }, "model": "item/bow8" },
		{ "predicate": { "damaged": 0, "damage": 0.0234375 }, "model": "item/bow9" },
		{ "predicate": { "damaged": 0, "damage": 0.026041666666667 }, "model": "item/bow10" },
		{ "predicate": { "damaged": 0, "damage": 0.028645833333333 }, "model": "item/bow11" },
		{ "predicate": { "damaged": 0, "damage": 0.03125 }, "model": "item/bow12" },
		{ "predicate": { "damaged": 0, "damage": 0.033854166666667 }, "model": "item/bow13" },
		{ "predicate": { "damaged": 0, "damage": 0.036458333333333 }, "model": "item/bow14" },
		{ "predicate": { "damaged": 0, "damage": 0.0390625 }, "model": "item/bow15" },
		{ "predicate": { "damaged": 0, "damage": 0.041666666666667 }, "model": "item/bow16" },
		{ "predicate": { "damaged": 0, "damage": 0.044270833333333 }, "model": "item/bow17" },
		{ "predicate": { "damaged": 0, "damage": 0.046875 }, "model": "item/bow18" },
		{ "predicate": { "damaged": 0, "damage": 0.049479166666667 }, "model": "item/bow19" },
		{ "predicate": { "damaged": 0, "damage": 0.052083333333333 }, "model": "item/bow20" },
		{ "predicate": { "damaged": 0, "damage": 0.0546875 }, "model": "item/bow21" },
		{ "predicate": { "damaged": 0, "damage": 0.057291666666667 }, "model": "item/bow22" },
		{ "predicate": { "damaged": 0, "damage": 0.059895833333333 }, "model": "item/bow23" },
		{ "predicate": { "damaged": 0, "damage": 0.0625 }, "model": "item/bow24" },
		{ "predicate": { "damaged": 0, "damage": 0.065104166666667 }, "model": "item/bow25" },
		{ "predicate": { "damaged": 0, "damage": 0.067708333333333 }, "model": "item/bow26" },
		{ "predicate": { "damaged": 0, "damage": 0.0703125 }, "model": "item/bow27" },
		{ "predicate": { "damaged": 0, "damage": 0.072916666666667 }, "model": "item/bow28" },
		{ "predicate": { "damaged": 0, "damage": 0.075520833333333 }, "model": "item/bow29" },
		{ "predicate": { "damaged": 0, "damage": 0.078125 }, "model": "item/bow30" },
		{ "predicate": { "damaged": 0, "damage": 0.080729166666667 }, "model": "item/bow31" },
		{ "predicate": { "damaged": 0, "damage": 0.083333333333333 }, "model": "item/bow32" },
		{ "predicate": { "damaged": 0, "damage": 0.0859375 }, "model": "item/bow33" },
		{ "predicate": { "damaged": 0, "damage": 0.088541666666667 }, "model": "item/bow34" },
		{ "predicate": { "damaged": 0, "damage": 0.091145833333333 }, "model": "item/bow35" },
		{ "predicate": { "damaged": 0, "damage": 0.09375 }, "model": "item/bow36" },
		{ "predicate": { "damaged": 0, "damage": 0.096354166666667 }, "model": "item/bow37" },
		{ "predicate": { "damaged": 0, "damage": 0.098958333333333 }, "model": "item/bow38" },
		{ "predicate": { "damaged": 0, "damage": 0.1015625 }, "model": "item/bow39" },
		{ "predicate": { "damaged": 0, "damage": 0.104166666666667 }, "model": "item/bow40" },
		{ "predicate": { "damaged": 0, "damage": 0.106770833333333 }, "model": "item/bow41" },
		{ "predicate": { "damaged": 0, "damage": 0.109375 }, "model": "item/bow42" },
		{ "predicate": { "damaged": 0, "damage": 0.111979166666667 }, "model": "item/bow43" },
		{ "predicate": { "damaged": 0, "damage": 0.114583333333333 }, "model": "item/bow44" },
		{ "predicate": { "damaged": 0, "damage": 0.1171875 }, "model": "item/bow45" },
		{ "predicate": { "damaged": 0, "damage": 0.119791666666667 }, "model": "item/bow46" },
		{ "predicate": { "damaged": 0, "damage": 0.122395833333333 }, "model": "item/bow47" },
		{ "predicate": { "damaged": 0, "damage": 0.125 }, "model": "item/bow48" },
		{ "predicate": { "damaged": 0, "damage": 0.127604166666667 }, "model": "item/bow49" },
		{ "predicate": { "damaged": 0, "damage": 0.130208333333333 }, "model": "item/bow50" },
		{ "predicate": { "damaged": 0, "damage": 0.1328125 }, "model": "item/bow51" },
		{ "predicate": { "damaged": 0, "damage": 0.135416666666667 }, "model": "item/bow52" },
		{ "predicate": { "damaged": 0, "damage": 0.138020833333333 }, "model": "item/bow53" },
		{ "predicate": { "damaged": 0, "damage": 0.140625 }, "model": "item/bow54" },
		{ "predicate": { "damaged": 0, "damage": 0.143229166666667 }, "model": "item/bow55" },
		{ "predicate": { "damaged": 0, "damage": 0.145833333333333 }, "model": "item/bow56" },
		{ "predicate": { "damaged": 0, "damage": 0.1484375 }, "model": "item/bow57" },
		{ "predicate": { "damaged": 0, "damage": 0.151041666666667 }, "model": "item/bow58" },
		{ "predicate": { "damaged": 0, "damage": 0.153645833333333 }, "model": "item/bow59" },
		{ "predicate": { "damaged": 0, "damage": 0.15625 }, "model": "item/bow60" },
		{ "predicate": { "damaged": 0, "damage": 0.158854166666667 }, "model": "item/bow61" },
		{ "predicate": { "damaged": 0, "damage": 0.161458333333333 }, "model": "item/bow62" },
		{ "predicate": { "damaged": 0, "damage": 0.1640625 }, "model": "item/bow63" },
		{ "predicate": { "damaged": 0, "damage": 0.166666666666667 }, "model": "item/bow64" },
		{ "predicate": { "damaged": 0, "damage": 0.169270833333333 }, "model": "item/bow65" },
		{ "predicate": { "damaged": 0, "damage": 0.171875 }, "model": "item/bow66" },
		{ "predicate": { "damaged": 0, "damage": 0.174479166666667 }, "model": "item/bow67" },
		{ "predicate": { "damaged": 0, "damage": 0.177083333333333 }, "model": "item/bow68" },
		{ "predicate": { "damaged": 0, "damage": 0.1796875 }, "model": "item/bow69" },
		{ "predicate": { "damaged": 0, "damage": 0.182291666666667 }, "model": "item/bow70" },
		{ "predicate": { "damaged": 0, "damage": 0.184895833333333 }, "model": "item/bow71" },
		{ "predicate": { "damaged": 0, "damage": 0.1875 }, "model": "item/bow72" },
		{ "predicate": { "damaged": 0, "damage": 0.190104166666667 }, "model": "item/bow73" },
		{ "predicate": { "damaged": 0, "damage": 0.192708333333333 }, "model": "item/bow74" },
		{ "predicate": { "damaged": 0, "damage": 0.1953125 }, "model": "item/bow75" },
		{ "predicate": { "damaged": 0, "damage": 0.197916666666667 }, "model": "item/bow76" },
		{ "predicate": { "damaged": 0, "damage": 0.200520833333333 }, "model": "item/bow77" },
		{ "predicate": { "damaged": 0, "damage": 0.203125 }, "model": "item/bow78" },
		{ "predicate": { "damaged": 0, "damage": 0.205729166666667 }, "model": "item/bow79" },
		{ "predicate": { "damaged": 0, "damage": 0.208333333333333 }, "model": "item/bow80" },
		{ "predicate": { "damaged": 0, "damage": 0.2109375 }, "model": "item/bow81" },
		{ "predicate": { "damaged": 0, "damage": 0.213541666666667 }, "model": "item/bow82" },
		{ "predicate": { "damaged": 0, "damage": 0.216145833333333 }, "model": "item/bow83" },
		{ "predicate": { "damaged": 0, "damage": 0.21875 }, "model": "item/bow84" },
		{ "predicate": { "damaged": 0, "damage": 0.221354166666667 }, "model": "item/bow85" },
		{ "predicate": { "damaged": 0, "damage": 0.223958333333333 }, "model": "item/bow86" },
		{ "predicate": { "damaged": 0, "damage": 0.2265625 }, "model": "item/bow87" },
		{ "predicate": { "damaged": 0, "damage": 0.229166666666667 }, "model": "item/bow88" },
		{ "predicate": { "damaged": 0, "damage": 0.231770833333333 }, "model": "item/bow89" },
		{ "predicate": { "damaged": 0, "damage": 0.234375 }, "model": "item/bow90" },
		{ "predicate": { "damaged": 0, "damage": 0.236979166666667 }, "model": "item/bow91" },
		{ "predicate": { "damaged": 0, "damage": 0.239583333333333 }, "model": "item/bow92" },
		{ "predicate": { "damaged": 0, "damage": 0.2421875 }, "model": "item/bow93" },
		{ "predicate": { "damaged": 0, "damage": 0.244791666666667 }, "model": "item/bow94" },
		{ "predicate": { "damaged": 0, "damage": 0.247395833333333 }, "model": "item/bow95" },
		{ "predicate": { "damaged": 0, "damage": 0.25 }, "model": "item/bow96" },
		{ "predicate": { "damaged": 0, "damage": 0.252604166666667 }, "model": "item/bow97" },
		{ "predicate": { "damaged": 0, "damage": 0.255208333333333 }, "model": "item/bow98" },
		{ "predicate": { "damaged": 0, "damage": 0.2578125 }, "model": "item/bow99" },
		{ "predicate": { "damaged": 0, "damage": 0.260416666666667 }, "model": "item/bow100" },
		{ "predicate": { "damaged": 0, "damage": 0.263020833333333 }, "model": "item/bow101" },
		{ "predicate": { "damaged": 0, "damage": 0.265625 }, "model": "item/bow102" },
		{ "predicate": { "damaged": 0, "damage": 0.268229166666667 }, "model": "item/bow103" },
		{ "predicate": { "damaged": 0, "damage": 0.270833333333333 }, "model": "item/bow104" },
		{ "predicate": { "damaged": 0, "damage": 0.2734375 }, "model": "item/bow105" },
		{ "predicate": { "damaged": 0, "damage": 0.276041666666667 }, "model": "item/bow106" },
		{ "predicate": { "damaged": 0, "damage": 0.278645833333333 }, "model": "item/bow107" },
		{ "predicate": { "damaged": 0, "damage": 0.28125 }, "model": "item/bow108" },
		{ "predicate": { "damaged": 0, "damage": 0.283854166666667 }, "model": "item/bow109" },
		{ "predicate": { "damaged": 0, "damage": 0.286458333333333 }, "model": "item/bow110" },
		{ "predicate": { "damaged": 0, "damage": 0.2890625 }, "model": "item/bow111" },
		{ "predicate": { "damaged": 0, "damage": 0.291666666666667 }, "model": "item/bow112" },
		{ "predicate": { "damaged": 0, "damage": 0.294270833333333 }, "model": "item/bow113" },
		{ "predicate": { "damaged": 0, "damage": 0.296875 }, "model": "item/bow114" },
		{ "predicate": { "damaged": 0, "damage": 0.299479166666667 }, "model": "item/bow115" },
		{ "predicate": { "damaged": 0, "damage": 0.302083333333333 }, "model": "item/bow116" },
		{ "predicate": { "damaged": 0, "damage": 0.3046875 }, "model": "item/bow117" },
		{ "predicate": { "damaged": 0, "damage": 0.307291666666667 }, "model": "item/bow118" },
		{ "predicate": { "damaged": 0, "damage": 0.309895833333333 }, "model": "item/bow119" },
		{ "predicate": { "damaged": 0, "damage": 0.3125 }, "model": "item/bow120" },
		{ "predicate": { "damaged": 0, "damage": 0.315104166666667 }, "model": "item/bow121" },
		{ "predicate": { "damaged": 0, "damage": 0.317708333333333 }, "model": "item/bow122" },
		{ "predicate": { "damaged": 0, "damage": 0.3203125 }, "model": "item/bow123" },
		{ "predicate": { "damaged": 0, "damage": 0.322916666666667 }, "model": "item/bow124" },
		{ "predicate": { "damaged": 0, "damage": 0.325520833333333 }, "model": "item/bow125" },
		{ "predicate": { "damaged": 0, "damage": 0.328125 }, "model": "item/bow126" },
		{ "predicate": { "damaged": 0, "damage": 0.330729166666667 }, "model": "item/bow127" },
		{ "predicate": { "damaged": 0, "damage": 0.333333333333333 }, "model": "item/bow128" },
		{ "predicate": { "damaged": 0, "damage": 0.3359375 }, "model": "item/bow129" },
		{ "predicate": { "damaged": 0, "damage": 0.338541666666667 }, "model": "item/bow130" },
		{ "predicate": { "damaged": 0, "damage": 0.341145833333333 }, "model": "item/bow131" },
		{ "predicate": { "damaged": 0, "damage": 0.34375 }, "model": "item/bow132" },
		{ "predicate": { "damaged": 0, "damage": 0.346354166666667 }, "model": "item/bow133" },
		{ "predicate": { "damaged": 0, "damage": 0.348958333333333 }, "model": "item/bow134" },
		{ "predicate": { "damaged": 0, "damage": 0.3515625 }, "model": "item/bow135" },
		{ "predicate": { "damaged": 0, "damage": 0.354166666666667 }, "model": "item/bow136" },
		{ "predicate": { "damaged": 0, "damage": 0.356770833333333 }, "model": "item/bow137" },
		{ "predicate": { "damaged": 0, "damage": 0.359375 }, "model": "item/bow138" },
		{ "predicate": { "damaged": 0, "damage": 0.361979166666667 }, "model": "item/bow139" },
		{ "predicate": { "damaged": 0, "damage": 0.364583333333333 }, "model": "item/bow140" },
		{ "predicate": { "damaged": 0, "damage": 0.3671875 }, "model": "item/bow141" },
		{ "predicate": { "damaged": 0, "damage": 0.369791666666667 }, "model": "item/bow142" },
		{ "predicate": { "damaged": 0, "damage": 0.372395833333333 }, "model": "item/bow143" },
		{ "predicate": { "damaged": 0, "damage": 0.375 }, "model": "item/bow144" },
		{ "predicate": { "damaged": 0, "damage": 0.377604166666667 }, "model": "item/bow145" },
		{ "predicate": { "damaged": 0, "damage": 0.380208333333333 }, "model": "item/bow146" },
		{ "predicate": { "damaged": 0, "damage": 0.3828125 }, "model": "item/bow147" },
		{ "predicate": { "damaged": 0, "damage": 0.385416666666667 }, "model": "item/bow148" },
		{ "predicate": { "damaged": 0, "damage": 0.388020833333333 }, "model": "item/bow149" },
		{ "predicate": { "damaged": 0, "damage": 0.390625 }, "model": "item/bow150" },
		{ "predicate": { "damaged": 0, "damage": 0.393229166666667 }, "model": "item/bow151" },
		{ "predicate": { "damaged": 0, "damage": 0.395833333333333 }, "model": "item/bow152" },
		{ "predicate": { "damaged": 0, "damage": 0.3984375 }, "model": "item/bow153" },
		{ "predicate": { "damaged": 0, "damage": 0.401041666666667 }, "model": "item/bow154" },
		{ "predicate": { "damaged": 0, "damage": 0.403645833333333 }, "model": "item/bow155" },
		{ "predicate": { "damaged": 0, "damage": 0.40625 }, "model": "item/bow156" },
		{ "predicate": { "damaged": 0, "damage": 0.408854166666667 }, "model": "item/bow157" },
		{ "predicate": { "damaged": 0, "damage": 0.411458333333333 }, "model": "item/bow158" },
		{ "predicate": { "damaged": 0, "damage": 0.4140625 }, "model": "item/bow159" },
		{ "predicate": { "damaged": 0, "damage": 0.416666666666667 }, "model": "item/bow160" },
		{ "predicate": { "damaged": 0, "damage": 0.419270833333333 }, "model": "item/bow161" },
		{ "predicate": { "damaged": 0, "damage": 0.421875 }, "model": "item/bow162" },
		{ "predicate": { "damaged": 0, "damage": 0.424479166666667 }, "model": "item/bow163" },
		{ "predicate": { "damaged": 0, "damage": 0.427083333333333 }, "model": "item/bow164" },
		{ "predicate": { "damaged": 0, "damage": 0.4296875 }, "model": "item/bow165" },
		{ "predicate": { "damaged": 0, "damage": 0.432291666666667 }, "model": "item/bow166" },
		{ "predicate": { "damaged": 0, "damage": 0.434895833333333 }, "model": "item/bow167" },
		{ "predicate": { "damaged": 0, "damage": 0.4375 }, "model": "item/bow168" },
		{ "predicate": { "damaged": 0, "damage": 0.440104166666667 }, "model": "item/bow169" },
		{ "predicate": { "damaged": 0, "damage": 0.442708333333333 }, "model": "item/bow170" },
		{ "predicate": { "damaged": 0, "damage": 0.4453125 }, "model": "item/bow171" },
		{ "predicate": { "damaged": 0, "damage": 0.447916666666667 }, "model": "item/bow172" },
		{ "predicate": { "damaged": 0, "damage": 0.450520833333333 }, "model": "item/bow173" },
		{ "predicate": { "damaged": 0, "damage": 0.453125 }, "model": "item/bow174" },
		{ "predicate": { "damaged": 0, "damage": 0.455729166666667 }, "model": "item/bow175" },
		{ "predicate": { "damaged": 0, "damage": 0.458333333333333 }, "model": "item/bow176" },
		{ "predicate": { "damaged": 0, "damage": 0.4609375 }, "model": "item/bow177" },
		{ "predicate": { "damaged": 0, "damage": 0.463541666666667 }, "model": "item/bow178" },
		{ "predicate": { "damaged": 0, "damage": 0.466145833333333 }, "model": "item/bow179" },
		{ "predicate": { "damaged": 0, "damage": 0.46875 }, "model": "item/bow180" },
		{ "predicate": { "damaged": 0, "damage": 0.471354166666667 }, "model": "item/bow181" },
		{ "predicate": { "damaged": 0, "damage": 0.473958333333333 }, "model": "item/bow182" },
		{ "predicate": { "damaged": 0, "damage": 0.4765625 }, "model": "item/bow183" },
		{ "predicate": { "damaged": 0, "damage": 0.479166666666667 }, "model": "item/bow184" },
		{ "predicate": { "damaged": 0, "damage": 0.481770833333333 }, "model": "item/bow185" },
		{ "predicate": { "damaged": 0, "damage": 0.484375 }, "model": "item/bow186" },
		{ "predicate": { "damaged": 0, "damage": 0.486979166666667 }, "model": "item/bow187" },
		{ "predicate": { "damaged": 0, "damage": 0.489583333333333 }, "model": "item/bow188" },
		{ "predicate": { "damaged": 0, "damage": 0.4921875 }, "model": "item/bow189" },
		{ "predicate": { "damaged": 0, "damage": 0.494791666666667 }, "model": "item/bow190" },
		{ "predicate": { "damaged": 0, "damage": 0.497395833333333 }, "model": "item/bow191" },
		{ "predicate": { "damaged": 0, "damage": 0.5 }, "model": "item/bow192" },
		{ "predicate": { "damaged": 0, "damage": 0.502604166666667 }, "model": "item/bow193" },
		{ "predicate": { "damaged": 0, "damage": 0.505208333333333 }, "model": "item/bow194" },
		{ "predicate": { "damaged": 0, "damage": 0.5078125 }, "model": "item/bow195" },
		{ "predicate": { "damaged": 0, "damage": 0.510416666666667 }, "model": "item/bow196" },
		{ "predicate": { "damaged": 0, "damage": 0.513020833333333 }, "model": "item/bow197" },
		{ "predicate": { "damaged": 0, "damage": 0.515625 }, "model": "item/bow198" },
		{ "predicate": { "damaged": 0, "damage": 0.518229166666667 }, "model": "item/bow199" },
		{ "predicate": { "damaged": 0, "damage": 0.520833333333333 }, "model": "item/bow200" },
		{ "predicate": { "damaged": 0, "damage": 0.5234375 }, "model": "item/bow201" },
		{ "predicate": { "damaged": 0, "damage": 0.526041666666667 }, "model": "item/bow202" },
		{ "predicate": { "damaged": 0, "damage": 0.528645833333333 }, "model": "item/bow203" },
		{ "predicate": { "damaged": 0, "damage": 0.53125 }, "model": "item/bow204" },
		{ "predicate": { "damaged": 0, "damage": 0.533854166666667 }, "model": "item/bow205" },
		{ "predicate": { "damaged": 0, "damage": 0.536458333333333 }, "model": "item/bow206" },
		{ "predicate": { "damaged": 0, "damage": 0.5390625 }, "model": "item/bow207" },
		{ "predicate": { "damaged": 0, "damage": 0.541666666666667 }, "model": "item/bow208" },
		{ "predicate": { "damaged": 0, "damage": 0.544270833333333 }, "model": "item/bow209" },
		{ "predicate": { "damaged": 0, "damage": 0.546875 }, "model": "item/bow210" },
		{ "predicate": { "damaged": 0, "damage": 0.549479166666667 }, "model": "item/bow211" },
		{ "predicate": { "damaged": 0, "damage": 0.552083333333333 }, "model": "item/bow212" },
		{ "predicate": { "damaged": 0, "damage": 0.5546875 }, "model": "item/bow213" },
		{ "predicate": { "damaged": 0, "damage": 0.557291666666667 }, "model": "item/bow214" },
		{ "predicate": { "damaged": 0, "damage": 0.559895833333333 }, "model": "item/bow215" },
		{ "predicate": { "damaged": 0, "damage": 0.5625 }, "model": "item/bow216" },
		{ "predicate": { "damaged": 0, "damage": 0.565104166666667 }, "model": "item/bow217" },
		{ "predicate": { "damaged": 0, "damage": 0.567708333333333 }, "model": "item/bow218" },
		{ "predicate": { "damaged": 0, "damage": 0.5703125 }, "model": "item/bow219" },
		{ "predicate": { "damaged": 0, "damage": 0.572916666666667 }, "model": "item/bow220" },
		{ "predicate": { "damaged": 0, "damage": 0.575520833333333 }, "model": "item/bow221" },
		{ "predicate": { "damaged": 0, "damage": 0.578125 }, "model": "item/bow222" },
		{ "predicate": { "damaged": 0, "damage": 0.580729166666667 }, "model": "item/bow223" },
		{ "predicate": { "damaged": 0, "damage": 0.583333333333333 }, "model": "item/bow224" },
		{ "predicate": { "damaged": 0, "damage": 0.5859375 }, "model": "item/bow225" },
		{ "predicate": { "damaged": 0, "damage": 0.588541666666667 }, "model": "item/bow226" },
		{ "predicate": { "damaged": 0, "damage": 0.591145833333333 }, "model": "item/bow227" },
		{ "predicate": { "damaged": 0, "damage": 0.59375 }, "model": "item/bow228" },
		{ "predicate": { "damaged": 0, "damage": 0.596354166666667 }, "model": "item/bow229" },
		{ "predicate": { "damaged": 0, "damage": 0.598958333333333 }, "model": "item/bow230" },
		{ "predicate": { "damaged": 0, "damage": 0.6015625 }, "model": "item/bow231" },
		{ "predicate": { "damaged": 0, "damage": 0.604166666666667 }, "model": "item/bow232" },
		{ "predicate": { "damaged": 0, "damage": 0.606770833333333 }, "model": "item/bow233" },
		{ "predicate": { "damaged": 0, "damage": 0.609375 }, "model": "item/bow234" },
		{ "predicate": { "damaged": 0, "damage": 0.611979166666667 }, "model": "item/bow235" },
		{ "predicate": { "damaged": 0, "damage": 0.614583333333333 }, "model": "item/bow236" },
		{ "predicate": { "damaged": 0, "damage": 0.6171875 }, "model": "item/bow237" },
		{ "predicate": { "damaged": 0, "damage": 0.619791666666667 }, "model": "item/bow238" },
		{ "predicate": { "damaged": 0, "damage": 0.622395833333333 }, "model": "item/bow239" },
		{ "predicate": { "damaged": 0, "damage": 0.625 }, "model": "item/bow240" },
		{ "predicate": { "damaged": 0, "damage": 0.627604166666667 }, "model": "item/bow241" },
		{ "predicate": { "damaged": 0, "damage": 0.630208333333333 }, "model": "item/bow242" },
		{ "predicate": { "damaged": 0, "damage": 0.6328125 }, "model": "item/bow243" },
		{ "predicate": { "damaged": 0, "damage": 0.635416666666667 }, "model": "item/bow244" },
		{ "predicate": { "damaged": 0, "damage": 0.638020833333333 }, "model": "item/bow245" },
		{ "predicate": { "damaged": 0, "damage": 0.640625 }, "model": "item/bow246" },
		{ "predicate": { "damaged": 0, "damage": 0.643229166666667 }, "model": "item/bow247" },
		{ "predicate": { "damaged": 0, "damage": 0.645833333333333 }, "model": "item/bow248" },
		{ "predicate": { "damaged": 0, "damage": 0.6484375 }, "model": "item/bow249" },
		{ "predicate": { "damaged": 0, "damage": 0.651041666666667 }, "model": "item/bow250" },
		{ "predicate": { "damaged": 0, "damage": 0.653645833333333 }, "model": "item/bow251" },
		{ "predicate": { "damaged": 0, "damage": 0.65625 }, "model": "item/bow252" },
		{ "predicate": { "damaged": 0, "damage": 0.658854166666667 }, "model": "item/bow253" },
		{ "predicate": { "damaged": 0, "damage": 0.661458333333333 }, "model": "item/bow254" },
		{ "predicate": { "damaged": 0, "damage": 0.6640625 }, "model": "item/bow255" },
		{ "predicate": { "damaged": 0, "damage": 0.666666666666667 }, "model": "item/bow256" },
		{ "predicate": { "damaged": 0, "damage": 0.669270833333333 }, "model": "item/bow257" },
		{ "predicate": { "damaged": 0, "damage": 0.671875 }, "model": "item/bow258" },
		{ "predicate": { "damaged": 0, "damage": 0.674479166666667 }, "model": "item/bow259" },
		{ "predicate": { "damaged": 0, "damage": 0.677083333333333 }, "model": "item/bow260" },
		{ "predicate": { "damaged": 0, "damage": 0.6796875 }, "model": "item/bow261" },
		{ "predicate": { "damaged": 0, "damage": 0.682291666666667 }, "model": "item/bow262" },
		{ "predicate": { "damaged": 0, "damage": 0.684895833333333 }, "model": "item/bow263" },
		{ "predicate": { "damaged": 0, "damage": 0.6875 }, "model": "item/bow264" },
		{ "predicate": { "damaged": 0, "damage": 0.690104166666667 }, "model": "item/bow265" },
		{ "predicate": { "damaged": 0, "damage": 0.692708333333333 }, "model": "item/bow266" },
		{ "predicate": { "damaged": 0, "damage": 0.6953125 }, "model": "item/bow267" },
		{ "predicate": { "damaged": 0, "damage": 0.697916666666667 }, "model": "item/bow268" },
		{ "predicate": { "damaged": 0, "damage": 0.700520833333333 }, "model": "item/bow269" },
		{ "predicate": { "damaged": 0, "damage": 0.703125 }, "model": "item/bow270" },
		{ "predicate": { "damaged": 0, "damage": 0.705729166666667 }, "model": "item/bow271" },
		{ "predicate": { "damaged": 0, "damage": 0.708333333333333 }, "model": "item/bow272" },
		{ "predicate": { "damaged": 0, "damage": 0.7109375 }, "model": "item/bow273" },
		{ "predicate": { "damaged": 0, "damage": 0.713541666666667 }, "model": "item/bow274" },
		{ "predicate": { "damaged": 0, "damage": 0.716145833333333 }, "model": "item/bow275" },
		{ "predicate": { "damaged": 0, "damage": 0.71875 }, "model": "item/bow276" },
		{ "predicate": { "damaged": 0, "damage": 0.721354166666667 }, "model": "item/bow277" },
		{ "predicate": { "damaged": 0, "damage": 0.723958333333333 }, "model": "item/bow278" },
		{ "predicate": { "damaged": 0, "damage": 0.7265625 }, "model": "item/bow279" },
		{ "predicate": { "damaged": 0, "damage": 0.729166666666667 }, "model": "item/bow280" },
		{ "predicate": { "damaged": 0, "damage": 0.731770833333333 }, "model": "item/bow281" },
		{ "predicate": { "damaged": 0, "damage": 0.734375 }, "model": "item/bow282" },
		{ "predicate": { "damaged": 0, "damage": 0.736979166666667 }, "model": "item/bow283" },
		{ "predicate": { "damaged": 0, "damage": 0.739583333333333 }, "model": "item/bow284" },
		{ "predicate": { "damaged": 0, "damage": 0.7421875 }, "model": "item/bow285" },
		{ "predicate": { "damaged": 0, "damage": 0.744791666666667 }, "model": "item/bow286" },
		{ "predicate": { "damaged": 0, "damage": 0.747395833333333 }, "model": "item/bow287" },
		{ "predicate": { "damaged": 0, "damage": 0.75 }, "model": "item/bow288" },
		{ "predicate": { "damaged": 0, "damage": 0.752604166666667 }, "model": "item/bow289" },
		{ "predicate": { "damaged": 0, "damage": 0.755208333333333 }, "model": "item/bow290" },
		{ "predicate": { "damaged": 0, "damage": 0.7578125 }, "model": "item/bow291" },
		{ "predicate": { "damaged": 0, "damage": 0.760416666666667 }, "model": "item/bow292" },
		{ "predicate": { "damaged": 0, "damage": 0.763020833333333 }, "model": "item/bow293" },
		{ "predicate": { "damaged": 0, "damage": 0.765625 }, "model": "item/bow294" },
		{ "predicate": { "damaged": 0, "damage": 0.768229166666667 }, "model": "item/bow295" },
		{ "predicate": { "damaged": 0, "damage": 0.770833333333333 }, "model": "item/bow296" },
		{ "predicate": { "damaged": 0, "damage": 0.7734375 }, "model": "item/bow297" },
		{ "predicate": { "damaged": 0, "damage": 0.776041666666667 }, "model": "item/bow298" },
		{ "predicate": { "damaged": 0, "damage": 0.778645833333333 }, "model": "item/bow299" },
		{ "predicate": { "damaged": 0, "damage": 0.78125 }, "model": "item/bow300" },
		{ "predicate": { "damaged": 0, "damage": 0.783854166666667 }, "model": "item/bow301" },
		{ "predicate": { "damaged": 0, "damage": 0.786458333333333 }, "model": "item/bow302" },
		{ "predicate": { "damaged": 0, "damage": 0.7890625 }, "model": "item/bow303" },
		{ "predicate": { "damaged": 0, "damage": 0.791666666666667 }, "model": "item/bow304" },
		{ "predicate": { "damaged": 0, "damage": 0.794270833333333 }, "model": "item/bow305" },
		{ "predicate": { "damaged": 0, "damage": 0.796875 }, "model": "item/bow306" },
		{ "predicate": { "damaged": 0, "damage": 0.799479166666667 }, "model": "item/bow307" },
		{ "predicate": { "damaged": 0, "damage": 0.802083333333333 }, "model": "item/bow308" },
		{ "predicate": { "damaged": 0, "damage": 0.8046875 }, "model": "item/bow309" },
		{ "predicate": { "damaged": 0, "damage": 0.807291666666667 }, "model": "item/bow310" },
		{ "predicate": { "damaged": 0, "damage": 0.809895833333333 }, "model": "item/bow311" },
		{ "predicate": { "damaged": 0, "damage": 0.8125 }, "model": "item/bow312" },
		{ "predicate": { "damaged": 0, "damage": 0.815104166666667 }, "model": "item/bow313" },
		{ "predicate": { "damaged": 0, "damage": 0.817708333333333 }, "model": "item/bow314" },
		{ "predicate": { "damaged": 0, "damage": 0.8203125 }, "model": "item/bow315" },
		{ "predicate": { "damaged": 0, "damage": 0.822916666666667 }, "model": "item/bow316" },
		{ "predicate": { "damaged": 0, "damage": 0.825520833333333 }, "model": "item/bow317" },
		{ "predicate": { "damaged": 0, "damage": 0.828125 }, "model": "item/bow318" },
		{ "predicate": { "damaged": 0, "damage": 0.830729166666667 }, "model": "item/bow319" },
		{ "predicate": { "damaged": 0, "damage": 0.833333333333333 }, "model": "item/bow320" },
		{ "predicate": { "damaged": 0, "damage": 0.8359375 }, "model": "item/bow321" },
		{ "predicate": { "damaged": 0, "damage": 0.838541666666667 }, "model": "item/bow322" },
		{ "predicate": { "damaged": 0, "damage": 0.841145833333333 }, "model": "item/bow323" },
		{ "predicate": { "damaged": 0, "damage": 0.84375 }, "model": "item/bow324" },
		{ "predicate": { "damaged": 0, "damage": 0.846354166666667 }, "model": "item/bow325" },
		{ "predicate": { "damaged": 0, "damage": 0.848958333333333 }, "model": "item/bow326" },
		{ "predicate": { "damaged": 0, "damage": 0.8515625 }, "model": "item/bow327" },
		{ "predicate": { "damaged": 0, "damage": 0.854166666666667 }, "model": "item/bow328" },
		{ "predicate": { "damaged": 0, "damage": 0.856770833333333 }, "model": "item/bow329" },
		{ "predicate": { "damaged": 0, "damage": 0.859375 }, "model": "item/bow330" },
		{ "predicate": { "damaged": 0, "damage": 0.861979166666667 }, "model": "item/bow331" },
		{ "predicate": { "damaged": 0, "damage": 0.864583333333333 }, "model": "item/bow332" },
		{ "predicate": { "damaged": 0, "damage": 0.8671875 }, "model": "item/bow333" },
		{ "predicate": { "damaged": 0, "damage": 0.869791666666667 }, "model": "item/bow334" },
		{ "predicate": { "damaged": 0, "damage": 0.872395833333333 }, "model": "item/bow335" },
		{ "predicate": { "damaged": 0, "damage": 0.875 }, "model": "item/bow336" },
		{ "predicate": { "damaged": 0, "damage": 0.877604166666667 }, "model": "item/bow337" },
		{ "predicate": { "damaged": 0, "damage": 0.880208333333333 }, "model": "item/bow338" },
		{ "predicate": { "damaged": 0, "damage": 0.8828125 }, "model": "item/bow339" },
		{ "predicate": { "damaged": 0, "damage": 0.885416666666667 }, "model": "item/bow340" },
		{ "predicate": { "damaged": 0, "damage": 0.888020833333333 }, "model": "item/bow341" },
		{ "predicate": { "damaged": 0, "damage": 0.890625 }, "model": "item/bow342" },
		{ "predicate": { "damaged": 0, "damage": 0.893229166666667 }, "model": "item/bow343" },
		{ "predicate": { "damaged": 0, "damage": 0.895833333333333 }, "model": "item/bow344" },
		{ "predicate": { "damaged": 0, "damage": 0.8984375 }, "model": "item/bow345" },
		{ "predicate": { "damaged": 0, "damage": 0.901041666666667 }, "model": "item/bow346" },
		{ "predicate": { "damaged": 0, "damage": 0.903645833333333 }, "model": "item/bow347" },
		{ "predicate": { "damaged": 0, "damage": 0.90625 }, "model": "item/bow348" },
		{ "predicate": { "damaged": 0, "damage": 0.908854166666667 }, "model": "item/bow349" },
		{ "predicate": { "damaged": 0, "damage": 0.911458333333333 }, "model": "item/bow350" },
		{ "predicate": { "damaged": 0, "damage": 0.9140625 }, "model": "item/bow351" },
		{ "predicate": { "damaged": 0, "damage": 0.916666666666667 }, "model": "item/bow352" },
		{ "predicate": { "damaged": 0, "damage": 0.919270833333333 }, "model": "item/bow353" },
		{ "predicate": { "damaged": 0, "damage": 0.921875 }, "model": "item/bow354" },
		{ "predicate": { "damaged": 0, "damage": 0.924479166666667 }, "model": "item/bow355" },
		{ "predicate": { "damaged": 0, "damage": 0.927083333333333 }, "model": "item/bow356" },
		{ "predicate": { "damaged": 0, "damage": 0.9296875 }, "model": "item/bow357" },
		{ "predicate": { "damaged": 0, "damage": 0.932291666666667 }, "model": "item/bow358" },
		{ "predicate": { "damaged": 0, "damage": 0.934895833333333 }, "model": "item/bow359" },
		{ "predicate": { "damaged": 0, "damage": 0.9375 }, "model": "item/bow360" },
		{ "predicate": { "damaged": 0, "damage": 0.940104166666667 }, "model": "item/bow361" },
		{ "predicate": { "damaged": 0, "damage": 0.942708333333333 }, "model": "item/bow362" },
		{ "predicate": { "damaged": 0, "damage": 0.9453125 }, "model": "item/bow363" },
		{ "predicate": { "damaged": 0, "damage": 0.947916666666667 }, "model": "item/bow364" },
		{ "predicate": { "damaged": 0, "damage": 0.950520833333333 }, "model": "item/bow365" },
		{ "predicate": { "damaged": 0, "damage": 0.953125 }, "model": "item/bow366" },
		{ "predicate": { "damaged": 0, "damage": 0.955729166666667 }, "model": "item/bow367" },
		{ "predicate": { "damaged": 0, "damage": 0.958333333333333 }, "model": "item/bow368" },
		{ "predicate": { "damaged": 0, "damage": 0.9609375 }, "model": "item/bow369" },
		{ "predicate": { "damaged": 0, "damage": 0.963541666666667 }, "model": "item/bow370" },
		{ "predicate": { "damaged": 0, "damage": 0.966145833333333 }, "model": "item/bow371" },
		{ "predicate": { "damaged": 0, "damage": 0.96875 }, "model": "item/bow372" },
		{ "predicate": { "damaged": 0, "damage": 0.971354166666667 }, "model": "item/bow373" },
		{ "predicate": { "damaged": 0, "damage": 0.973958333333333 }, "model": "item/bow374" },
		{ "predicate": { "damaged": 0, "damage": 0.9765625 }, "model": "item/bow375" },
		{ "predicate": { "damaged": 0, "damage": 0.979166666666667 }, "model": "item/bow376" },
		{ "predicate": { "damaged": 0, "damage": 0.981770833333333 }, "model": "item/bow377" },
		{ "predicate": { "damaged": 0, "damage": 0.984375 }, "model": "item/bow378" },
		{ "predicate": { "damaged": 0, "damage": 0.986979166666667 }, "model": "item/bow379" },
		{ "predicate": { "damaged": 0, "damage": 0.989583333333333 }, "model": "item/bow380" },
		{ "predicate": { "damaged": 0, "damage": 0.9921875 }, "model": "item/bow381" },
		{ "predicate": { "damaged": 0, "damage": 0.994791666666667 }, "model": "item/bow382" },
		{ "predicate": { "damaged": 0, "damage": 0.997395833333333 }, "model": "item/bow383" },
		{ "predicate": { "damaged": 1 }, "model": "item/bow" }
	]
}