{
	"credit": "Made with Blockbench",
	"textures": {
		"0": "./adamheller/ak74m_1",
		"4": "./adamheller/ak74m_2",
		"5": "./adamheller/ak74m_5",
		"6": "./adamheller/black_dura",
		"7": "./adamheller/ak74m_6",
		"particle": "./adamheller/ak74m_1"
	},
	"elements": [
		{
			"from": [4.95, 0.15, 8.05],
			"to": [13.6, 0.85, 8.25],
			"rotation": {"angle": 0, "axis": "y", "origin": [26.3, 8, 12.55]},
			"faces": {
				"north": {"uv": [0, 0, 1.45, 1.1], "texture": "#0"},
				"east": {"uv": [0, 0, 1, 1.1], "texture": "#0"},
				"south": {"uv": [0, 0, 1.45, 1.1], "texture": "#0"},
				"west": {"uv": [0, 0, 1, 1.1], "texture": "#0"},
				"up": {"uv": [0, 0, 1.45, 1], "texture": "#0"},
				"down": {"uv": [0, 0, 1.45, 1], "texture": "#0"}
			}
		},
		{
			"from": [11.95, 0.1, 7.75],
			"to": [12.1, 0.9, 8.3],
			"rotation": {"angle": 0, "axis": "y", "origin": [26.3, 8, 12.55]},
			"faces": {
				"north": {"uv": [0, 0, 1.45, 1.1], "texture": "#0"},
				"east": {"uv": [0, 0, 1, 1.1], "texture": "#0"},
				"south": {"uv": [0, 0, 1.45, 1.1], "texture": "#0"},
				"west": {"uv": [0, 0, 1, 1.1], "texture": "#0"},
				"up": {"uv": [0, 0, 1.45, 1], "texture": "#0"},
				"down": {"uv": [0, 0, 1.45, 1], "texture": "#0"}
			}
		},
		{
			"from": [8.85, 0.1, 7.75],
			"to": [9, 0.9, 8.3],
			"rotation": {"angle": 0, "axis": "y", "origin": [23.2, 8, 12.55]},
			"faces": {
				"north": {"uv": [0, 0, 1.45, 1.1], "texture": "#0"},
				"east": {"uv": [0, 0, 1, 1.1], "texture": "#0"},
				"south": {"uv": [0, 0, 1.45, 1.1], "texture": "#0"},
				"west": {"uv": [0, 0, 1, 1.1], "texture": "#0"},
				"up": {"uv": [0, 0, 1.45, 1], "texture": "#0"},
				"down": {"uv": [0, 0, 1.45, 1], "texture": "#0"}
			}
		},
		{
			"from": [5.75, 0.1, 7.75],
			"to": [5.9, 0.9, 8.3],
			"rotation": {"angle": 0, "axis": "y", "origin": [20.1, 8, 12.55]},
			"faces": {
				"north": {"uv": [0, 0, 1.45, 1.1], "texture": "#0"},
				"east": {"uv": [0, 0, 1, 1.1], "texture": "#0"},
				"south": {"uv": [0, 0, 1.45, 1.1], "texture": "#0"},
				"west": {"uv": [0, 0, 1, 1.1], "texture": "#0"},
				"up": {"uv": [0, 0, 1.45, 1], "texture": "#0"},
				"down": {"uv": [0, 0, 1.45, 1], "texture": "#0"}
			}
		},
		{
			"from": [15.35, 0.15, 7.95],
			"to": [18.4, 0.85, 8.25],
			"rotation": {"angle": 0, "axis": "y", "origin": [31.1, 8, 12.55]},
			"faces": {
				"north": {"uv": [0, 0, 1.45, 1.1], "texture": "#4"},
				"east": {"uv": [0, 0, 1, 1.1], "texture": "#4"},
				"south": {"uv": [0, 0, 1.45, 1.1], "texture": "#4"},
				"west": {"uv": [0, 0, 1, 1.1], "texture": "#4"},
				"up": {"uv": [0, 0, 1.45, 1], "texture": "#4"},
				"down": {"uv": [0, 0, 1.45, 1], "texture": "#4"}
			}
		},
		{
			"from": [18.4, 0.15, 7.25],
			"to": [20.55, 0.85, 7.95],
			"rotation": {"angle": 0, "axis": "y", "origin": [33.25, 8, 12.15]},
			"faces": {
				"north": {"uv": [0, 0, 1.45, 1.1], "texture": "#0"},
				"east": {"uv": [0, 0, 1, 1.1], "texture": "#0"},
				"south": {"uv": [0, 0, 1.45, 1.1], "texture": "#0"},
				"west": {"uv": [0, 0, 1, 1.1], "texture": "#0"},
				"up": {"uv": [0, 0, 1.45, 1], "texture": "#0"},
				"down": {"uv": [0, 0, 1.45, 1], "texture": "#0"}
			}
		},
		{
			"from": [19.65, 0.4, 6.45],
			"to": [20.35, 0.6, 7.5],
			"rotation": {"angle": 0, "axis": "y", "origin": [24.55, 8, -6.25]},
			"faces": {
				"north": {"uv": [0, 0, 1, 1.1], "texture": "#0"},
				"east": {"uv": [0, 0, 1.45, 1.1], "texture": "#0"},
				"south": {"uv": [0, 0, 1, 1.1], "texture": "#0"},
				"west": {"uv": [0, 0, 1.45, 1.1], "texture": "#0"},
				"up": {"uv": [0, 0, 1.45, 1], "rotation": 270, "texture": "#0"},
				"down": {"uv": [0, 0, 1.45, 1], "rotation": 90, "texture": "#0"}
			}
		},
		{
			"from": [22.45, 0.4, 5.9],
			"to": [23.15, 0.6, 6.15],
			"rotation": {"angle": 0, "axis": "y", "origin": [27.35, 8, -7.6]},
			"faces": {
				"north": {"uv": [0, 0, 1, 1.1], "texture": "#0"},
				"east": {"uv": [0, 0, 1.45, 1.1], "texture": "#0"},
				"south": {"uv": [0, 0, 1, 1.1], "texture": "#0"},
				"west": {"uv": [0, 0, 1.45, 1.1], "texture": "#0"},
				"up": {"uv": [0, 0, 1.45, 1], "rotation": 270, "texture": "#0"},
				"down": {"uv": [0, 0, 1.45, 1], "rotation": 90, "texture": "#0"}
			}
		},
		{
			"from": [19.75, 0.4, 5.9],
			"to": [20.45, 0.6, 6.15],
			"rotation": {"angle": 0, "axis": "y", "origin": [24.65, 8, -7.6]},
			"faces": {
				"north": {"uv": [0, 0, 1, 1.1], "texture": "#0"},
				"east": {"uv": [0, 0, 1.45, 1.1], "texture": "#0"},
				"south": {"uv": [0, 0, 1, 1.1], "texture": "#0"},
				"west": {"uv": [0, 0, 1.45, 1.1], "texture": "#0"},
				"up": {"uv": [0, 0, 1.45, 1], "rotation": 270, "texture": "#0"},
				"down": {"uv": [0, 0, 1.45, 1], "rotation": 90, "texture": "#0"}
			}
		},
		{
			"from": [19.25, 0.45, 6],
			"to": [23.55, 0.55, 6.1],
			"rotation": {"angle": 0, "axis": "y", "origin": [24.55, 8.05, -7.45]},
			"faces": {
				"north": {"uv": [0, 0, 1, 1.1], "texture": "#0"},
				"east": {"uv": [0, 0, 1.45, 1.1], "texture": "#0"},
				"south": {"uv": [0, 0, 1, 1.1], "texture": "#0"},
				"west": {"uv": [0, 0, 1.45, 1.1], "texture": "#0"},
				"up": {"uv": [0, 0, 1.45, 1], "rotation": 270, "texture": "#0"},
				"down": {"uv": [0, 0, 1.45, 1], "rotation": 90, "texture": "#0"}
			}
		},
		{
			"from": [23.35, 0.45, 6.1],
			"to": [23.55, 0.55, 6.2],
			"rotation": {"angle": 0, "axis": "y", "origin": [24.55, 8.05, -7.35]},
			"faces": {
				"north": {"uv": [0, 0, 1, 1.1], "texture": "#0"},
				"east": {"uv": [0, 0, 1.45, 1.1], "texture": "#0"},
				"south": {"uv": [0, 0, 1, 1.1], "texture": "#0"},
				"west": {"uv": [0, 0, 1.45, 1.1], "texture": "#0"},
				"up": {"uv": [0, 0, 1.45, 1], "rotation": 270, "texture": "#0"},
				"down": {"uv": [0, 0, 1.45, 1], "rotation": 90, "texture": "#0"}
			}
		},
		{
			"from": [22.4, 0.15, 6.15],
			"to": [23.65, 0.85, 6.85],
			"rotation": {"angle": 0, "axis": "y", "origin": [37.25, 8, 11.05]},
			"faces": {
				"north": {"uv": [0, 0, 1.45, 1.1], "texture": "#0"},
				"east": {"uv": [0, 0, 1, 1.1], "texture": "#0"},
				"south": {"uv": [0, 0, 1.45, 1.1], "texture": "#0"},
				"west": {"uv": [0, 0, 1, 1.1], "texture": "#0"},
				"up": {"uv": [0, 0, 1.45, 1], "texture": "#0"},
				"down": {"uv": [0, 0, 1.45, 1], "texture": "#0"}
			}
		},
		{
			"from": [22.6, 0.2, 6.85],
			"to": [23.55, 0.8, 6.95],
			"rotation": {"angle": 0, "axis": "y", "origin": [37.25, 8, 11.15]},
			"faces": {
				"north": {"uv": [0, 0, 1.45, 1.1], "texture": "#0"},
				"east": {"uv": [0, 0, 1, 1.1], "texture": "#0"},
				"south": {"uv": [0, 0, 1.45, 1.1], "texture": "#0"},
				"west": {"uv": [0, 0, 1, 1.1], "texture": "#0"},
				"up": {"uv": [0, 0, 1.45, 1], "texture": "#0"},
				"down": {"uv": [0, 0, 1.45, 1], "texture": "#0"}
			}
		},
		{
			"from": [28.55, 0.2, 7.3],
			"to": [28.75, 0.8, 8.55],
			"rotation": {"angle": 22.5, "axis": "y", "origin": [24.35, 8, 22.15]},
			"faces": {
				"north": {"uv": [0, 0, 1, 1.1], "texture": "#0"},
				"east": {"uv": [0, 0, 1.45, 1.1], "texture": "#0"},
				"south": {"uv": [0, 0, 1, 1.1], "texture": "#0"},
				"west": {"uv": [0, 0, 1.45, 1.1], "texture": "#0"},
				"up": {"uv": [0, 0, 1.45, 1], "rotation": 90, "texture": "#0"},
				"down": {"uv": [0, 0, 1.45, 1], "rotation": 270, "texture": "#0"}
			}
		},
		{
			"from": [23.35, 0.2, 6.9],
			"to": [23.55, 0.8, 7.95],
			"rotation": {"angle": 0, "axis": "y", "origin": [19.15, 8, 21.75]},
			"faces": {
				"north": {"uv": [0, 0, 1, 1.1], "texture": "#0"},
				"east": {"uv": [0, 0, 1.45, 1.1], "texture": "#0"},
				"south": {"uv": [0, 0, 1, 1.1], "texture": "#0"},
				"west": {"uv": [0, 0, 1.45, 1.1], "texture": "#0"},
				"up": {"uv": [0, 0, 1.45, 1], "rotation": 90, "texture": "#0"},
				"down": {"uv": [0, 0, 1.45, 1], "rotation": 270, "texture": "#0"}
			}
		},
		{
			"from": [23, 0.2, 7.85],
			"to": [23.55, 0.8, 8.3],
			"rotation": {"angle": 0, "axis": "y", "origin": [19.15, 8, 22.8]},
			"faces": {
				"north": {"uv": [0, 0, 1, 1.1], "texture": "#0"},
				"east": {"uv": [0, 0, 1.45, 1.1], "texture": "#0"},
				"south": {"uv": [0, 0, 1, 1.1], "texture": "#0"},
				"west": {"uv": [0, 0, 1.45, 1.1], "texture": "#0"},
				"up": {"uv": [0, 0, 1.45, 1], "rotation": 90, "texture": "#0"},
				"down": {"uv": [0, 0, 1.45, 1], "rotation": 270, "texture": "#0"}
			}
		},
		{
			"from": [23, 0.7, 8.3],
			"to": [23.55, 0.8, 8.7],
			"rotation": {"angle": 0, "axis": "y", "origin": [19.15, 8, 23.25]},
			"faces": {
				"north": {"uv": [0, 0, 1, 1.1], "texture": "#0"},
				"east": {"uv": [0, 0, 1.45, 1.1], "texture": "#0"},
				"south": {"uv": [0, 0, 1, 1.1], "texture": "#0"},
				"west": {"uv": [0, 0, 1.45, 1.1], "texture": "#0"},
				"up": {"uv": [0, 0, 1.45, 1], "rotation": 90, "texture": "#0"},
				"down": {"uv": [0, 0, 1.45, 1], "rotation": 270, "texture": "#0"}
			}
		},
		{
			"from": [23, 0.2, 8.3],
			"to": [23.55, 0.3, 8.7],
			"rotation": {"angle": 0, "axis": "y", "origin": [19.15, 7.5, 23.25]},
			"faces": {
				"north": {"uv": [0, 0, 1, 1.1], "texture": "#0"},
				"east": {"uv": [0, 0, 1.45, 1.1], "texture": "#0"},
				"south": {"uv": [0, 0, 1, 1.1], "texture": "#0"},
				"west": {"uv": [0, 0, 1.45, 1.1], "texture": "#0"},
				"up": {"uv": [0, 0, 1.45, 1], "rotation": 90, "texture": "#0"},
				"down": {"uv": [0, 0, 1.45, 1], "rotation": 270, "texture": "#0"}
			}
		},
		{
			"from": [23, 0.3, 8.7],
			"to": [23.55, 0.7, 8.8],
			"rotation": {"angle": 0, "axis": "y", "origin": [19.15, 7.6, 23.65]},
			"faces": {
				"north": {"uv": [0, 0, 1, 1.1], "texture": "#0"},
				"east": {"uv": [0, 0, 1.45, 1.1], "texture": "#0"},
				"south": {"uv": [0, 0, 1, 1.1], "texture": "#0"},
				"west": {"uv": [0, 0, 1.45, 1.1], "texture": "#0"},
				"up": {"uv": [0, 0, 1.45, 1], "rotation": 90, "texture": "#0"},
				"down": {"uv": [0, 0, 1.45, 1], "rotation": 270, "texture": "#0"}
			}
		},
		{
			"from": [23, 0.45, 8.3],
			"to": [23.55, 0.55, 8.5],
			"rotation": {"angle": 0, "axis": "y", "origin": [19.15, 7.55, 23.25]},
			"faces": {
				"north": {"uv": [0, 0, 1, 1.1], "texture": "#0"},
				"east": {"uv": [0, 0, 1.45, 1.1], "texture": "#0"},
				"south": {"uv": [0, 0, 1, 1.1], "texture": "#0"},
				"west": {"uv": [0, 0, 1.45, 1.1], "texture": "#0"},
				"up": {"uv": [0, 0, 1.45, 1], "rotation": 90, "texture": "#0"},
				"down": {"uv": [0, 0, 1.45, 1], "rotation": 270, "texture": "#0"}
			}
		},
		{
			"from": [19.3, 0.15, 6.15],
			"to": [20.55, 0.85, 6.85],
			"rotation": {"angle": 0, "axis": "y", "origin": [34.15, 8, 11.05]},
			"faces": {
				"north": {"uv": [0, 0, 1.45, 1.1], "texture": "#0"},
				"east": {"uv": [0, 0, 1, 1.1], "texture": "#0"},
				"south": {"uv": [0, 0, 1.45, 1.1], "texture": "#0"},
				"west": {"uv": [0, 0, 1, 1.1], "texture": "#0"},
				"up": {"uv": [0, 0, 1.45, 1], "texture": "#0"},
				"down": {"uv": [0, 0, 1.45, 1], "texture": "#0"}
			}
		},
		{
			"from": [18.4, 0.2, 6.2],
			"to": [24.15, 0.8, 6.8],
			"rotation": {"angle": 0, "axis": "y", "origin": [33.25, 8, 11.05]},
			"faces": {
				"north": {"uv": [0, 0, 1.45, 1.1], "texture": "#0"},
				"east": {"uv": [0, 0, 1, 1.1], "texture": "#0"},
				"south": {"uv": [0, 0, 1.45, 1.1], "texture": "#0"},
				"west": {"uv": [0, 0, 1, 1.1], "texture": "#0"},
				"up": {"uv": [0, 0, 1.45, 1], "texture": "#0"},
				"down": {"uv": [0, 0, 1.45, 1], "texture": "#0"}
			}
		},
		{
			"from": [24.15, 0.1, 6.7],
			"to": [25.7, 0.9, 6.9],
			"rotation": {"angle": 0, "axis": "y", "origin": [35, 8, 11.05]},
			"faces": {
				"north": {"uv": [0, 0, 1.45, 1.1], "texture": "#0"},
				"east": {"uv": [0, 0, 1, 1.1], "texture": "#0"},
				"south": {"uv": [0, 0, 1.45, 1.1], "texture": "#0"},
				"west": {"uv": [0, 0, 1, 1.1], "texture": "#0"},
				"up": {"uv": [0, 0, 1.45, 1], "texture": "#0"},
				"down": {"uv": [0, 0, 1.45, 1], "texture": "#0"}
			}
		},
		{
			"from": [24.15, 0.7, 6.3],
			"to": [25.7, 0.9, 6.7],
			"rotation": {"angle": 0, "axis": "y", "origin": [35, 8, 10.85]},
			"faces": {
				"north": {"uv": [0, 0, 1.45, 1.1], "texture": "#0"},
				"east": {"uv": [0, 0, 1, 1.1], "texture": "#0"},
				"south": {"uv": [0, 0, 1.45, 1.1], "texture": "#0"},
				"west": {"uv": [0, 0, 1, 1.1], "texture": "#0"},
				"up": {"uv": [0, 0, 1.45, 1], "texture": "#0"},
				"down": {"uv": [0, 0, 1.45, 1], "texture": "#0"}
			}
		},
		{
			"from": [24.15, 0.1, 6.3],
			"to": [25.7, 0.3, 6.7],
			"rotation": {"angle": 0, "axis": "y", "origin": [35, 7.4, 10.85]},
			"faces": {
				"north": {"uv": [0, 0, 1.45, 1.1], "texture": "#0"},
				"east": {"uv": [0, 0, 1, 1.1], "texture": "#0"},
				"south": {"uv": [0, 0, 1.45, 1.1], "texture": "#0"},
				"west": {"uv": [0, 0, 1, 1.1], "texture": "#0"},
				"up": {"uv": [0, 0, 1.45, 1], "texture": "#0"},
				"down": {"uv": [0, 0, 1.45, 1], "texture": "#0"}
			}
		},
		{
			"from": [24.15, 0.3, 6.3],
			"to": [25.2, 0.7, 6.7],
			"rotation": {"angle": 0, "axis": "y", "origin": [35, 7.6, 10.85]},
			"faces": {
				"north": {"uv": [0, 0, 1.45, 1.1], "texture": "#6"},
				"east": {"uv": [0, 0, 1, 1.1], "texture": "#6"},
				"south": {"uv": [0, 0, 1.45, 1.1], "texture": "#6"},
				"west": {"uv": [0, 0, 1, 1.1], "texture": "#6"},
				"up": {"uv": [0, 0, 1.45, 1], "texture": "#6"},
				"down": {"uv": [0, 0, 1.45, 1], "texture": "#6"}
			}
		},
		{
			"from": [24.15, 0.1, 6.1],
			"to": [25.7, 0.9, 6.3],
			"rotation": {"angle": 0, "axis": "y", "origin": [35, 8, 11.05]},
			"faces": {
				"north": {"uv": [0, 0, 1.45, 1.1], "texture": "#0"},
				"east": {"uv": [0, 0, 1, 1.1], "texture": "#0"},
				"south": {"uv": [0, 0, 1.45, 1.1], "texture": "#0"},
				"west": {"uv": [0, 0, 1, 1.1], "texture": "#0"},
				"up": {"uv": [0, 0, 1.45, 1], "texture": "#0"},
				"down": {"uv": [0, 0, 1.45, 1], "texture": "#0"}
			}
		},
		{
			"from": [-5.05, 0.15, 19.75],
			"to": [-3.8, 0.85, 20.85],
			"rotation": {"angle": -45, "axis": "y", "origin": [15.8, 8, 25.15]},
			"faces": {
				"north": {"uv": [0, 0, 1.45, 1.1], "texture": "#0"},
				"east": {"uv": [0, 0, 1, 1.1], "texture": "#0"},
				"south": {"uv": [0, 0, 1.45, 1.1], "texture": "#0"},
				"west": {"uv": [0, 0, 1, 1.1], "texture": "#0"},
				"up": {"uv": [0, 0, 1.45, 1], "texture": "#0"},
				"down": {"uv": [0, 0, 1.45, 1], "texture": "#0"}
			}
		},
		{
			"from": [4.95, 1.4, 3.9],
			"to": [13.6, 2.1, 4.85],
			"rotation": {"angle": -22.5, "axis": "x", "origin": [26.3, 9.25, 9.55]},
			"faces": {
				"north": {"uv": [0, 0, 1.45, 1.1], "texture": "#0"},
				"east": {"uv": [0, 0, 1, 1.1], "texture": "#0"},
				"south": {"uv": [0, 0, 1.45, 1.1], "texture": "#0"},
				"west": {"uv": [0, 0, 1, 1.1], "texture": "#0"},
				"up": {"uv": [0, 0, 1.45, 1], "texture": "#0"},
				"down": {"uv": [0, 0, 1.45, 1], "texture": "#0"}
			}
		},
		{
			"from": [15.35, 1.4, 4.2],
			"to": [18.4, 2.1, 4.85],
			"rotation": {"angle": -22.5, "axis": "x", "origin": [31.1, 9.25, 9.55]},
			"faces": {
				"north": {"uv": [0, 0, 1.45, 1.1], "texture": "#4"},
				"east": {"uv": [0, 0, 1, 1.1], "texture": "#4"},
				"south": {"uv": [0, 0, 1.45, 1.1], "texture": "#4"},
				"west": {"uv": [0, 0, 1, 1.1], "texture": "#4"},
				"up": {"uv": [0, 0, 1.45, 1], "texture": "#4"},
				"down": {"uv": [0, 0, 1.45, 1], "texture": "#4"}
			}
		},
		{
			"from": [4.65, 0.1, 5.65],
			"to": [14.1, 1.15, 7.35],
			"rotation": {"angle": 0, "axis": "y", "origin": [26.3, 8, 12.55]},
			"faces": {
				"north": {"uv": [0, 0, 1.45, 1.1], "texture": "#0"},
				"east": {"uv": [0, 0, 1, 1.1], "texture": "#0"},
				"south": {"uv": [0, 0, 1.45, 1.1], "texture": "#0"},
				"west": {"uv": [0, 0, 1, 1.1], "texture": "#0"},
				"up": {"uv": [0, 0, 1.45, 1], "texture": "#0"},
				"down": {"uv": [0, 0, 1.45, 1], "texture": "#0"}
			}
		},
		{
			"from": [13.05, 0.1, 5.5],
			"to": [13.2, 1.15, 5.65],
			"rotation": {"angle": 0, "axis": "y", "origin": [26.3, 8, 12.35]},
			"faces": {
				"north": {"uv": [0, 0, 1.45, 1.1], "texture": "#0"},
				"east": {"uv": [0, 0, 1, 1.1], "texture": "#0"},
				"south": {"uv": [0, 0, 1.45, 1.1], "texture": "#0"},
				"west": {"uv": [0, 0, 1, 1.1], "texture": "#0"},
				"up": {"uv": [0, 0, 1.45, 1], "texture": "#0"},
				"down": {"uv": [0, 0, 1.45, 1], "texture": "#0"}
			}
		},
		{
			"from": [4.65, -0.15, 5.65],
			"to": [10.3, 0.9, 7.35],
			"rotation": {"angle": 0, "axis": "y", "origin": [26.3, 7.75, 12.55]},
			"faces": {
				"north": {"uv": [0, 0, 1.45, 1.1], "texture": "#0"},
				"east": {"uv": [0, 0, 1, 1.1], "texture": "#0"},
				"south": {"uv": [0, 0, 1.45, 1.1], "texture": "#0"},
				"west": {"uv": [0, 0, 1, 1.1], "texture": "#0"},
				"up": {"uv": [0, 0, 1.45, 1], "texture": "#0"},
				"down": {"uv": [0, 0, 1.45, 1], "texture": "#0"}
			}
		},
		{
			"from": [5.95, -0.25, 6.4],
			"to": [6.5, -0.2, 6.95],
			"rotation": {"angle": 0, "axis": "y", "origin": [25.7, 7.65, 12.35]},
			"faces": {
				"north": {"uv": [0, 0, 1.45, 1.1], "texture": "#5"},
				"east": {"uv": [0, 0, 1, 1.1], "texture": "#5"},
				"south": {"uv": [0, 0, 1.45, 1.1], "texture": "#5"},
				"west": {"uv": [0, 0, 1, 1.1], "texture": "#5"},
				"up": {"uv": [0, 0, 1.45, 1], "texture": "#5"},
				"down": {"uv": [0, 0, 1.45, 1], "texture": "#5"}
			}
		},
		{
			"from": [6.15, -0.3, 6.6],
			"to": [6.3, -0.25, 6.75],
			"rotation": {"angle": 0, "axis": "y", "origin": [25.7, 7.6, 12.35]},
			"faces": {
				"north": {"uv": [0, 0, 1.45, 1.1], "texture": "#5"},
				"east": {"uv": [0, 0, 1, 1.1], "texture": "#5"},
				"south": {"uv": [0, 0, 1.45, 1.1], "texture": "#5"},
				"west": {"uv": [0, 0, 1, 1.1], "texture": "#5"},
				"up": {"uv": [0, 0, 1.45, 1], "texture": "#5"},
				"down": {"uv": [0, 0, 1.45, 1], "texture": "#5"}
			}
		},
		{
			"from": [6.5, -0.25, 6.7],
			"to": [7.35, -0.2, 6.95],
			"rotation": {"angle": 0, "axis": "y", "origin": [26.25, 7.65, 12.35]},
			"faces": {
				"north": {"uv": [0, 0, 1.45, 1.1], "texture": "#5"},
				"east": {"uv": [0, 0, 1, 1.1], "texture": "#5"},
				"south": {"uv": [0, 0, 1.45, 1.1], "texture": "#5"},
				"west": {"uv": [0, 0, 1, 1.1], "texture": "#5"},
				"up": {"uv": [0, 0, 1.45, 1], "texture": "#5"},
				"down": {"uv": [0, 0, 1.45, 1], "texture": "#5"}
			}
		},
		{
			"from": [2.8, -0.25, 13.6],
			"to": [3.45, -0.2, 13.85],
			"rotation": {"angle": -22.5, "axis": "y", "origin": [22.55, 7.65, 19.25]},
			"faces": {
				"north": {"uv": [0, 0, 1.45, 1.1], "texture": "#5"},
				"east": {"uv": [0, 0, 1, 1.1], "texture": "#5"},
				"south": {"uv": [0, 0, 1.45, 1.1], "texture": "#5"},
				"west": {"uv": [0, 0, 1, 1.1], "texture": "#5"},
				"up": {"uv": [0, 0, 1.45, 1], "texture": "#5"},
				"down": {"uv": [0, 0, 1.45, 1], "texture": "#5"}
			}
		},
		{
			"from": [10.3, -0.15, 5.65],
			"to": [12.75, 0.9, 6.85],
			"rotation": {"angle": 0, "axis": "y", "origin": [28.85, 7.75, 12.55]},
			"faces": {
				"north": {"uv": [0, 0, 1.45, 1.1], "texture": "#0"},
				"east": {"uv": [0, 0, 1, 1.1], "texture": "#0"},
				"south": {"uv": [0, 0, 1.45, 1.1], "texture": "#0"},
				"west": {"uv": [0, 0, 1, 1.1], "texture": "#0"},
				"up": {"uv": [0, 0, 1.45, 1], "texture": "#0"},
				"down": {"uv": [0, 0, 1.45, 1], "texture": "#0"}
			}
		},
		{
			"from": [10.3, -0.1, 6.85],
			"to": [12.75, 0.9, 7.35],
			"rotation": {"angle": 0, "axis": "y", "origin": [28.85, 7.75, 13.15]},
			"faces": {
				"north": {"uv": [0, 0, 1.45, 1.1], "texture": "#7"},
				"east": {"uv": [0, 0, 1, 1.1], "texture": "#7"},
				"south": {"uv": [0, 0, 1.45, 1.1], "texture": "#7"},
				"west": {"uv": [0, 0, 1, 1.1], "texture": "#7"},
				"up": {"uv": [0, 0, 1.45, 1], "texture": "#7"},
				"down": {"uv": [0, 0, 1.45, 1], "texture": "#7"}
			}
		},
		{
			"from": [12.4, -0.6, 6.85],
			"to": [12.75, -0.1, 6.95],
			"rotation": {"angle": 0, "axis": "y", "origin": [28.85, 6.75, 13.15]},
			"faces": {
				"north": {"uv": [0, 0, 1.45, 1.1], "texture": "#5"},
				"east": {"uv": [0, 0, 1, 1.1], "texture": "#5"},
				"south": {"uv": [0, 0, 1.45, 1.1], "texture": "#5"},
				"west": {"uv": [0, 0, 1, 1.1], "texture": "#5"},
				"up": {"uv": [0, 0, 1.45, 1], "texture": "#5"},
				"down": {"uv": [0, 0, 1.45, 1], "texture": "#5"}
			}
		},
		{
			"from": [12.75, -0.15, 5.65],
			"to": [14.1, 0.9, 7.35],
			"rotation": {"angle": 0, "axis": "y", "origin": [31.8, 7.75, 12.55]},
			"faces": {
				"north": {"uv": [0, 0, 1.45, 1.1], "texture": "#0"},
				"east": {"uv": [0, 0, 1, 1.1], "texture": "#0"},
				"south": {"uv": [0, 0, 1.45, 1.1], "texture": "#0"},
				"west": {"uv": [0, 0, 1, 1.1], "texture": "#0"},
				"up": {"uv": [0, 0, 1.45, 1], "texture": "#0"},
				"down": {"uv": [0, 0, 1.45, 1], "texture": "#0"}
			}
		},
		{
			"from": [4.95, -0.15, 5.5],
			"to": [7.5, 1.15, 5.65],
			"rotation": {"angle": 0, "axis": "y", "origin": [26.3, 8, 12.45]},
			"faces": {
				"north": {"uv": [0, 0, 1.45, 1.1], "texture": "#4"},
				"east": {"uv": [0, 0, 1, 1.1], "texture": "#4"},
				"south": {"uv": [0, 0, 1.45, 1.1], "texture": "#4"},
				"west": {"uv": [0, 0, 1, 1.1], "texture": "#4"},
				"up": {"uv": [0, 0, 1.45, 1], "texture": "#4"},
				"down": {"uv": [0, 0, 1.45, 1], "texture": "#4"}
			}
		},
		{
			"from": [5.35, 0, 4.35],
			"to": [7.5, 1, 5.6],
			"rotation": {"angle": 0, "axis": "y", "origin": [26.3, 8, 12.4]},
			"faces": {
				"north": {"uv": [0, 0, 1.45, 1.1], "texture": "#4"},
				"east": {"uv": [0, 0, 1, 1.1], "texture": "#4"},
				"south": {"uv": [0, 0, 1.45, 1.1], "texture": "#4"},
				"west": {"uv": [0, 0, 1, 1.1], "texture": "#4"},
				"up": {"uv": [0, 0, 1.45, 1], "texture": "#4"},
				"down": {"uv": [0, 0, 1.45, 1], "texture": "#4"}
			}
		},
		{
			"from": [7.45, 0, 4.35],
			"to": [7.8, 1, 4.4],
			"rotation": {"angle": 0, "axis": "y", "origin": [26.6, 8, 12.4]},
			"faces": {
				"north": {"uv": [0, 0, 1.45, 1.1], "texture": "#4"},
				"east": {"uv": [0, 0, 1, 1.1], "texture": "#4"},
				"south": {"uv": [0, 0, 1.45, 1.1], "texture": "#4"},
				"west": {"uv": [0, 0, 1, 1.1], "texture": "#4"},
				"up": {"uv": [0, 0, 1.45, 1], "texture": "#4"},
				"down": {"uv": [0, 0, 1.45, 1], "texture": "#4"}
			}
		},
		{
			"from": [7.45, 0, 4.35],
			"to": [7.65, 1, 4.5],
			"rotation": {"angle": 0, "axis": "y", "origin": [26.6, 8, 12.4]},
			"faces": {
				"north": {"uv": [0, 0, 1.45, 1.1], "texture": "#4"},
				"east": {"uv": [0, 0, 1, 1.1], "texture": "#4"},
				"south": {"uv": [0, 0, 1.45, 1.1], "texture": "#4"},
				"west": {"uv": [0, 0, 1, 1.1], "texture": "#4"},
				"up": {"uv": [0, 0, 1.45, 1], "texture": "#4"},
				"down": {"uv": [0, 0, 1.45, 1], "texture": "#4"}
			}
		},
		{
			"from": [7.65, 0, 4.4],
			"to": [7.7, 1, 4.5],
			"rotation": {"angle": 0, "axis": "y", "origin": [26.7, 8, 12.4]},
			"faces": {
				"north": {"uv": [0, 0, 1.45, 1.1], "texture": "#4"},
				"east": {"uv": [0, 0, 1, 1.1], "texture": "#4"},
				"south": {"uv": [0, 0, 1.45, 1.1], "texture": "#4"},
				"west": {"uv": [0, 0, 1, 1.1], "texture": "#4"},
				"up": {"uv": [0, 0, 1.45, 1], "texture": "#4"},
				"down": {"uv": [0, 0, 1.45, 1], "texture": "#4"}
			}
		},
		{
			"from": [7.7, 0, 4.4],
			"to": [7.75, 1, 4.45],
			"rotation": {"angle": 0, "axis": "y", "origin": [26.75, 8, 12.4]},
			"faces": {
				"north": {"uv": [0, 0, 1.45, 1.1], "texture": "#4"},
				"east": {"uv": [0, 0, 1, 1.1], "texture": "#4"},
				"south": {"uv": [0, 0, 1.45, 1.1], "texture": "#4"},
				"west": {"uv": [0, 0, 1, 1.1], "texture": "#4"},
				"up": {"uv": [0, 0, 1.45, 1], "texture": "#4"},
				"down": {"uv": [0, 0, 1.45, 1], "texture": "#4"}
			}
		},
		{
			"from": [7.6, 0, 4.5],
			"to": [7.65, 1, 4.55],
			"rotation": {"angle": 0, "axis": "y", "origin": [26.65, 8, 12.5]},
			"faces": {
				"north": {"uv": [0, 0, 1.45, 1.1], "texture": "#4"},
				"east": {"uv": [0, 0, 1, 1.1], "texture": "#4"},
				"south": {"uv": [0, 0, 1.45, 1.1], "texture": "#4"},
				"west": {"uv": [0, 0, 1, 1.1], "texture": "#4"},
				"up": {"uv": [0, 0, 1.45, 1], "texture": "#4"},
				"down": {"uv": [0, 0, 1.45, 1], "texture": "#4"}
			}
		},
		{
			"from": [7.5, 0, 4.6],
			"to": [7.55, 1, 4.65],
			"rotation": {"angle": 0, "axis": "y", "origin": [26.55, 8, 12.6]},
			"faces": {
				"north": {"uv": [0, 0, 1.45, 1.1], "texture": "#4"},
				"east": {"uv": [0, 0, 1, 1.1], "texture": "#4"},
				"south": {"uv": [0, 0, 1.45, 1.1], "texture": "#4"},
				"west": {"uv": [0, 0, 1, 1.1], "texture": "#4"},
				"up": {"uv": [0, 0, 1.45, 1], "texture": "#4"},
				"down": {"uv": [0, 0, 1.45, 1], "texture": "#4"}
			}
		},
		{
			"from": [7.45, 0, 4.5],
			"to": [7.6, 1, 4.6],
			"rotation": {"angle": 0, "axis": "y", "origin": [26.6, 8, 12.5]},
			"faces": {
				"north": {"uv": [0, 0, 1.45, 1.1], "texture": "#4"},
				"east": {"uv": [0, 0, 1, 1.1], "texture": "#4"},
				"south": {"uv": [0, 0, 1.45, 1.1], "texture": "#4"},
				"west": {"uv": [0, 0, 1, 1.1], "texture": "#4"},
				"up": {"uv": [0, 0, 1.45, 1], "texture": "#4"},
				"down": {"uv": [0, 0, 1.45, 1], "texture": "#4"}
			}
		},
		{
			"from": [7.9, 0.25, 4.35],
			"to": [9.1, 0.75, 4.4],
			"rotation": {"angle": 0, "axis": "y", "origin": [28.85, 8, 12.4]},
			"faces": {
				"north": {"uv": [0, 0, 1.45, 1.1], "texture": "#5"},
				"east": {"uv": [0, 0, 1, 1.1], "texture": "#5"},
				"south": {"uv": [0, 0, 1.45, 1.1], "texture": "#5"},
				"west": {"uv": [0, 0, 1, 1.1], "texture": "#5"},
				"up": {"uv": [0, 0, 1.45, 1], "texture": "#5"},
				"down": {"uv": [0, 0, 1.45, 1], "texture": "#5"}
			}
		},
		{
			"from": [9.45, 0.25, 4.75],
			"to": [9.5, 0.75, 5.8],
			"rotation": {"angle": 0, "axis": "y", "origin": [28.95, 8, 12.7]},
			"faces": {
				"north": {"uv": [0, 0, 1.45, 1.1], "texture": "#5"},
				"east": {"uv": [0, 0, 1, 1.1], "texture": "#5"},
				"south": {"uv": [0, 0, 1.45, 1.1], "texture": "#5"},
				"west": {"uv": [0, 0, 1, 1.1], "texture": "#5"},
				"up": {"uv": [0, 0, 1.45, 1], "texture": "#5"},
				"down": {"uv": [0, 0, 1.45, 1], "texture": "#5"}
			}
		},
		{
			"from": [9.5, 0.25, 4.65],
			"to": [9.9, 0.75, 5.8],
			"rotation": {"angle": 0, "axis": "y", "origin": [29.15, 8, 12.7]},
			"faces": {
				"north": {"uv": [0, 0, 1.45, 1.1], "texture": "#0"},
				"east": {"uv": [0, 0, 1, 1.1], "texture": "#0"},
				"south": {"uv": [0, 0, 1.45, 1.1], "texture": "#0"},
				"west": {"uv": [0, 0, 1, 1.1], "texture": "#0"},
				"up": {"uv": [0, 0, 1.45, 1], "texture": "#0"},
				"down": {"uv": [0, 0, 1.45, 1], "texture": "#0"}
			}
		},
		{
			"from": [7.5, 0.25, 4.75],
			"to": [7.55, 0.75, 5.8],
			"rotation": {"angle": 0, "axis": "y", "origin": [27, 8, 12.7]},
			"faces": {
				"north": {"uv": [0, 0, 1.45, 1.1], "texture": "#5"},
				"east": {"uv": [0, 0, 1, 1.1], "texture": "#5"},
				"south": {"uv": [0, 0, 1.45, 1.1], "texture": "#5"},
				"west": {"uv": [0, 0, 1, 1.1], "texture": "#5"},
				"up": {"uv": [0, 0, 1.45, 1], "texture": "#5"},
				"down": {"uv": [0, 0, 1.45, 1], "texture": "#5"}
			}
		},
		{
			"from": [8, 0.45, 5.15],
			"to": [8.25, 0.55, 5.8],
			"rotation": {"angle": 0, "axis": "y", "origin": [27.6, 8.05, 12.7]},
			"faces": {
				"north": {"uv": [0, 0, 1.45, 1.1], "texture": "#5"},
				"east": {"uv": [0, 0, 1, 1.1], "texture": "#5"},
				"south": {"uv": [0, 0, 1.45, 1.1], "texture": "#5"},
				"west": {"uv": [0, 0, 1, 1.1], "texture": "#5"},
				"up": {"uv": [0, 0, 1.45, 1], "texture": "#5"},
				"down": {"uv": [0, 0, 1.45, 1], "texture": "#5"}
			}
		},
		{
			"from": [8.15, 0.45, 5],
			"to": [8.25, 0.55, 5.15],
			"rotation": {"angle": 0, "axis": "y", "origin": [27.6, 8.05, 12.65]},
			"faces": {
				"north": {"uv": [0, 0, 1.45, 1.1], "texture": "#5"},
				"east": {"uv": [0, 0, 1, 1.1], "texture": "#5"},
				"south": {"uv": [0, 0, 1.45, 1.1], "texture": "#5"},
				"west": {"uv": [0, 0, 1, 1.1], "texture": "#5"},
				"up": {"uv": [0, 0, 1.45, 1], "texture": "#5"},
				"down": {"uv": [0, 0, 1.45, 1], "texture": "#5"}
			}
		},
		{
			"from": [3.9, 0.45, 11.6],
			"to": [4.05, 0.55, 12.15],
			"rotation": {"angle": -22.5, "axis": "y", "origin": [23.35, 8.05, 19.05]},
			"faces": {
				"north": {"uv": [0, 0, 1.45, 1.1], "texture": "#5"},
				"east": {"uv": [0, 0, 1, 1.1], "texture": "#5"},
				"south": {"uv": [0, 0, 1.45, 1.1], "texture": "#5"},
				"west": {"uv": [0, 0, 1, 1.1], "texture": "#5"},
				"up": {"uv": [0, 0, 1.45, 1], "texture": "#5"},
				"down": {"uv": [0, 0, 1.45, 1], "texture": "#5"}
			}
		},
		{
			"from": [3.8, 0.45, 12.4],
			"to": [3.95, 0.55, 12.65],
			"rotation": {"angle": -22.5, "axis": "y", "origin": [23.4, 8.05, 19.55]},
			"faces": {
				"north": {"uv": [0, 0, 1.45, 1.1], "texture": "#5"},
				"east": {"uv": [0, 0, 1, 1.1], "texture": "#5"},
				"south": {"uv": [0, 0, 1.45, 1.1], "texture": "#5"},
				"west": {"uv": [0, 0, 1, 1.1], "texture": "#5"},
				"up": {"uv": [0, 0, 1.45, 1], "texture": "#5"},
				"down": {"uv": [0, 0, 1.45, 1], "texture": "#5"}
			}
		},
		{
			"from": [7.4, 0.45, -10.5],
			"to": [7.65, 0.55, -10.05],
			"rotation": {"angle": 45, "axis": "y", "origin": [27.1, 8.05, -3.25]},
			"faces": {
				"north": {"uv": [0, 0, 1.45, 1.1], "texture": "#5"},
				"east": {"uv": [0, 0, 1, 1.1], "texture": "#5"},
				"south": {"uv": [0, 0, 1.45, 1.1], "texture": "#5"},
				"west": {"uv": [0, 0, 1, 1.1], "texture": "#5"},
				"up": {"uv": [0, 0, 1.45, 1], "texture": "#5"},
				"down": {"uv": [0, 0, 1.45, 1], "texture": "#5"}
			}
		},
		{
			"from": [6.9, 0.25, -12.3],
			"to": [7.65, 0.75, -12.25],
			"rotation": {"angle": 45, "axis": "y", "origin": [27.85, 8, -4.25]},
			"faces": {
				"north": {"uv": [0, 0, 1.45, 1.1], "texture": "#5"},
				"east": {"uv": [0, 0, 1, 1.1], "texture": "#5"},
				"south": {"uv": [0, 0, 1.45, 1.1], "texture": "#5"},
				"west": {"uv": [0, 0, 1, 1.1], "texture": "#5"},
				"up": {"uv": [0, 0, 1.45, 1], "texture": "#5"},
				"down": {"uv": [0, 0, 1.45, 1], "texture": "#5"}
			}
		},
		{
			"from": [-2.7, 0.25, 16.8],
			"to": [-2.15, 0.75, 16.85],
			"rotation": {"angle": -45, "axis": "y", "origin": [18.25, 8, 24.85]},
			"faces": {
				"north": {"uv": [0, 0, 1.45, 1.1], "texture": "#5"},
				"east": {"uv": [0, 0, 1, 1.1], "texture": "#5"},
				"south": {"uv": [0, 0, 1.45, 1.1], "texture": "#5"},
				"west": {"uv": [0, 0, 1, 1.1], "texture": "#5"},
				"up": {"uv": [0, 0, 1.45, 1], "texture": "#5"},
				"down": {"uv": [0, 0, 1.45, 1], "texture": "#5"}
			}
		},
		{
			"from": [7.1, 0, -12.35],
			"to": [7.55, 1, -12.3],
			"rotation": {"angle": 45, "axis": "y", "origin": [27.85, 8, -4.25]},
			"faces": {
				"north": {"uv": [0, 0, 1.45, 1.1], "texture": "#4"},
				"east": {"uv": [0, 0, 1, 1.1], "texture": "#4"},
				"south": {"uv": [0, 0, 1.45, 1.1], "texture": "#4"},
				"west": {"uv": [0, 0, 1, 1.1], "texture": "#4"},
				"up": {"uv": [0, 0, 1.45, 1], "texture": "#4"},
				"down": {"uv": [0, 0, 1.45, 1], "texture": "#4"}
			}
		},
		{
			"from": [6.45, 0, -7.25],
			"to": [8.05, 1, -3.5],
			"rotation": {"angle": 22.5, "axis": "y", "origin": [27.4, 8, 2.9]},
			"faces": {
				"north": {"uv": [0, 0, 1.45, 1.1], "texture": "#4"},
				"east": {"uv": [0, 0, 1, 1.1], "texture": "#4"},
				"south": {"uv": [0, 0, 1.45, 1.1], "texture": "#4"},
				"west": {"uv": [0, 0, 1, 1.1], "texture": "#4"},
				"up": {"uv": [0, 0, 1.45, 1], "texture": "#4"},
				"down": {"uv": [0, 0, 1.45, 1], "texture": "#4"}
			}
		},
		{
			"from": [8.05, 0, -7.25],
			"to": [8.25, 1, -7],
			"rotation": {"angle": 22.5, "axis": "y", "origin": [27.4, 8, 2.9]},
			"faces": {
				"north": {"uv": [0, 0, 1.45, 1.1], "texture": "#4"},
				"east": {"uv": [0, 0, 1, 1.1], "texture": "#4"},
				"south": {"uv": [0, 0, 1.45, 1.1], "texture": "#4"},
				"west": {"uv": [0, 0, 1, 1.1], "texture": "#4"},
				"up": {"uv": [0, 0, 1.45, 1], "texture": "#4"},
				"down": {"uv": [0, 0, 1.45, 1], "texture": "#4"}
			}
		},
		{
			"from": [8.05, 0.1, -7],
			"to": [8.15, 0.9, -6.9],
			"rotation": {"angle": 22.5, "axis": "y", "origin": [27.4, 8, 2.9]},
			"faces": {
				"north": {"uv": [0, 0, 1.45, 1.1], "texture": "#4"},
				"east": {"uv": [0, 0, 1, 1.1], "texture": "#4"},
				"south": {"uv": [0, 0, 1.45, 1.1], "texture": "#4"},
				"west": {"uv": [0, 0, 1, 1.1], "texture": "#4"},
				"up": {"uv": [0, 0, 1.45, 1], "texture": "#4"},
				"down": {"uv": [0, 0, 1.45, 1], "texture": "#4"}
			}
		},
		{
			"from": [9.95, 0.1, 4.3],
			"to": [12.15, 0.9, 6.8],
			"rotation": {"angle": 0, "axis": "y", "origin": [31.1, 8, 13.2]},
			"faces": {
				"north": {"uv": [0, 0, 1.45, 1.1], "texture": "#4"},
				"east": {"uv": [0, 0, 1, 1.1], "texture": "#4"},
				"south": {"uv": [0, 0, 1.45, 1.1], "texture": "#4"},
				"west": {"uv": [0, 0, 1, 1.1], "texture": "#4"},
				"up": {"uv": [0, 0, 1.45, 1], "texture": "#4"},
				"down": {"uv": [0, 0, 1.45, 1], "texture": "#4"}
			}
		},
		{
			"from": [5.05, 0, 5.45],
			"to": [5.8, 1, 5.5],
			"rotation": {"angle": 0, "axis": "y", "origin": [26, 8, 12.3]},
			"faces": {
				"north": {"uv": [0, 0, 1.45, 1.1], "texture": "#4"},
				"east": {"uv": [0, 0, 1, 1.1], "texture": "#4"},
				"south": {"uv": [0, 0, 1.45, 1.1], "texture": "#4"},
				"west": {"uv": [0, 0, 1, 1.1], "texture": "#4"},
				"up": {"uv": [0, 0, 1.45, 1], "texture": "#4"},
				"down": {"uv": [0, 0, 1.45, 1], "texture": "#4"}
			}
		},
		{
			"from": [0.95, 0, 12.45],
			"to": [1.4, 1, 13.1],
			"rotation": {"angle": -22.5, "axis": "y", "origin": [21.9, 8, 19.9]},
			"faces": {
				"north": {"uv": [0, 0, 1.45, 1.1], "texture": "#4"},
				"east": {"uv": [0, 0, 1, 1.1], "texture": "#4"},
				"south": {"uv": [0, 0, 1.45, 1.1], "texture": "#4"},
				"west": {"uv": [0, 0, 1, 1.1], "texture": "#4"},
				"up": {"uv": [0, 0, 1.45, 1], "texture": "#4"},
				"down": {"uv": [0, 0, 1.45, 1], "texture": "#4"}
			}
		},
		{
			"from": [-5.85, 0, 17.65],
			"to": [-5.45, 1, 18.3],
			"rotation": {"angle": -45, "axis": "y", "origin": [15.05, 8, 25.1]},
			"faces": {
				"north": {"uv": [0, 0, 1.45, 1.1], "texture": "#4"},
				"east": {"uv": [0, 0, 1, 1.1], "texture": "#4"},
				"south": {"uv": [0, 0, 1.45, 1.1], "texture": "#4"},
				"west": {"uv": [0, 0, 1, 1.1], "texture": "#4"},
				"up": {"uv": [0, 0, 1.45, 1], "texture": "#4"},
				"down": {"uv": [0, 0, 1.45, 1], "texture": "#4"}
			}
		},
		{
			"from": [13.6, -0.25, 5.45],
			"to": [14.55, 1.25, 6.45],
			"rotation": {"angle": 0, "axis": "y", "origin": [35.25, 8, 12.55]},
			"faces": {
				"north": {"uv": [0, 0, 1.45, 1.1], "texture": "#4"},
				"east": {"uv": [0, 0, 1, 1.1], "texture": "#4"},
				"south": {"uv": [0, 0, 1.45, 1.1], "texture": "#4"},
				"west": {"uv": [0, 0, 1, 1.1], "texture": "#4"},
				"up": {"uv": [0, 0, 1.45, 1], "texture": "#4"},
				"down": {"uv": [0, 0, 1.45, 1], "texture": "#4"}
			}
		},
		{
			"from": [13.7, -0.25, 5.35],
			"to": [14.45, 1.25, 5.45],
			"rotation": {"angle": 0, "axis": "y", "origin": [35.25, 8, 12.45]},
			"faces": {
				"north": {"uv": [0, 0, 1.45, 1.1], "texture": "#4"},
				"east": {"uv": [0, 0, 1, 1.1], "texture": "#4"},
				"south": {"uv": [0, 0, 1.45, 1.1], "texture": "#4"},
				"west": {"uv": [0, 0, 1, 1.1], "texture": "#4"},
				"up": {"uv": [0, 0, 1.45, 1], "texture": "#4"},
				"down": {"uv": [0, 0, 1.45, 1], "texture": "#4"}
			}
		},
		{
			"from": [19.1, -0.25, 5.65],
			"to": [19.25, 1.25, 6.45],
			"rotation": {"angle": 0, "axis": "y", "origin": [39.95, 8, 12.55]},
			"faces": {
				"north": {"uv": [0, 0, 1.45, 1.1], "texture": "#4"},
				"east": {"uv": [0, 0, 1, 1.1], "texture": "#4"},
				"south": {"uv": [0, 0, 1.45, 1.1], "texture": "#4"},
				"west": {"uv": [0, 0, 1, 1.1], "texture": "#4"},
				"up": {"uv": [0, 0, 1.45, 1], "texture": "#4"},
				"down": {"uv": [0, 0, 1.45, 1], "texture": "#4"}
			}
		},
		{
			"from": [19.1, -0.15, 5.55],
			"to": [19.25, 1.15, 5.65],
			"rotation": {"angle": 0, "axis": "y", "origin": [39.95, 8, 12.45]},
			"faces": {
				"north": {"uv": [0, 0, 1.45, 1.1], "texture": "#4"},
				"east": {"uv": [0, 0, 1, 1.1], "texture": "#4"},
				"south": {"uv": [0, 0, 1.45, 1.1], "texture": "#4"},
				"west": {"uv": [0, 0, 1, 1.1], "texture": "#4"},
				"up": {"uv": [0, 0, 1.45, 1], "texture": "#4"},
				"down": {"uv": [0, 0, 1.45, 1], "texture": "#4"}
			}
		},
		{
			"from": [18.8, -0.25, 5.85],
			"to": [19.1, 1.25, 6.45],
			"rotation": {"angle": 0, "axis": "y", "origin": [39.65, 8, 12.55]},
			"faces": {
				"north": {"uv": [0, 0, 1.45, 1.1], "texture": "#4"},
				"east": {"uv": [0, 0, 1, 1.1], "texture": "#4"},
				"south": {"uv": [0, 0, 1.45, 1.1], "texture": "#4"},
				"west": {"uv": [0, 0, 1, 1.1], "texture": "#4"},
				"up": {"uv": [0, 0, 1.45, 1], "texture": "#4"},
				"down": {"uv": [0, 0, 1.45, 1], "texture": "#4"}
			}
		},
		{
			"from": [14.05, -0.25, 5.85],
			"to": [18.8, 1.25, 7.45],
			"rotation": {"angle": 0, "axis": "y", "origin": [36.2, 8, 12.55]},
			"faces": {
				"north": {"uv": [0, 0, 1.45, 1.1], "texture": "#4"},
				"east": {"uv": [0, 0, 1, 1.1], "texture": "#4"},
				"south": {"uv": [0, 0, 1.45, 1.1], "texture": "#4"},
				"west": {"uv": [0, 0, 1, 1.1], "texture": "#4"},
				"up": {"uv": [0, 0, 1.45, 1], "texture": "#4"},
				"down": {"uv": [0, 0, 1.45, 1], "texture": "#4"}
			}
		},
		{
			"from": [14.6, -0.25, -2.45],
			"to": [15.95, 1.25, -1.35],
			"rotation": {"angle": 22.5, "axis": "y", "origin": [36.35, 8, 4.45]},
			"faces": {
				"north": {"uv": [0, 0, 1.45, 1.1], "texture": "#4"},
				"east": {"uv": [0, 0, 1, 1.1], "texture": "#4"},
				"south": {"uv": [0, 0, 1.45, 1.1], "texture": "#4"},
				"west": {"uv": [0, 0, 1, 1.1], "texture": "#4"},
				"up": {"uv": [0, 0, 1.45, 1], "texture": "#4"},
				"down": {"uv": [0, 0, 1.45, 1], "texture": "#4"}
			}
		},
		{
			"from": [14.5, -0.25, 13.65],
			"to": [15.05, 1.25, 14.75],
			"rotation": {"angle": -22.5, "axis": "y", "origin": [35.35, 8, 20.55]},
			"faces": {
				"north": {"uv": [0, 0, 1.45, 1.1], "texture": "#4"},
				"east": {"uv": [0, 0, 1, 1.1], "texture": "#4"},
				"south": {"uv": [0, 0, 1.45, 1.1], "texture": "#4"},
				"west": {"uv": [0, 0, 1, 1.1], "texture": "#4"},
				"up": {"uv": [0, 0, 1.45, 1], "texture": "#4"},
				"down": {"uv": [0, 0, 1.45, 1], "texture": "#4"}
			}
		},
		{
			"from": [15, -0.25, -2.85],
			"to": [15.65, 1.25, -1.75],
			"rotation": {"angle": 22.5, "axis": "y", "origin": [35.95, 8, 4.05]},
			"faces": {
				"north": {"uv": [0, 0, 1.45, 1.1], "texture": "#4"},
				"east": {"uv": [0, 0, 1, 1.1], "texture": "#4"},
				"south": {"uv": [0, 0, 1.45, 1.1], "texture": "#4"},
				"west": {"uv": [0, 0, 1, 1.1], "texture": "#4"},
				"up": {"uv": [0, 0, 1.45, 1], "texture": "#4"},
				"down": {"uv": [0, 0, 1.45, 1], "texture": "#4"}
			}
		},
		{
			"from": [13.6, -0.15, 7.35],
			"to": [15.35, 1.15, 8.35],
			"rotation": {"angle": 0, "axis": "y", "origin": [35.25, 8, 14.25]},
			"faces": {
				"north": {"uv": [0, 0, 1.45, 1.1], "texture": "#5"},
				"east": {"uv": [0, 0, 1, 1.1], "texture": "#5"},
				"south": {"uv": [0, 0, 1.45, 1.1], "texture": "#5"},
				"west": {"uv": [0, 0, 1, 1.1], "texture": "#5"},
				"up": {"uv": [0, 0, 1.45, 1], "texture": "#5"},
				"down": {"uv": [0, 0, 1.45, 1], "texture": "#5"}
			}
		},
		{
			"from": [13.75, 0.1, 8.35],
			"to": [14.2, 0.9, 8.45],
			"rotation": {"angle": 0, "axis": "y", "origin": [34.1, 8, 14.35]},
			"faces": {
				"north": {"uv": [0, 0, 1.45, 1.1], "texture": "#5"},
				"east": {"uv": [0, 0, 1, 1.1], "texture": "#5"},
				"south": {"uv": [0, 0, 1.45, 1.1], "texture": "#5"},
				"west": {"uv": [0, 0, 1, 1.1], "texture": "#5"},
				"up": {"uv": [0, 0, 1.45, 1], "texture": "#5"},
				"down": {"uv": [0, 0, 1.45, 1], "texture": "#5"}
			}
		},
		{
			"from": [13.75, 0.25, 8.35],
			"to": [14.9, 0.75, 8.45],
			"rotation": {"angle": 0, "axis": "y", "origin": [34.8, 8, 14.35]},
			"faces": {
				"north": {"uv": [0, 0, 1.45, 1.1], "texture": "#5"},
				"east": {"uv": [0, 0, 1, 1.1], "texture": "#5"},
				"south": {"uv": [0, 0, 1.45, 1.1], "texture": "#5"},
				"west": {"uv": [0, 0, 1, 1.1], "texture": "#5"},
				"up": {"uv": [0, 0, 1.45, 1], "texture": "#5"},
				"down": {"uv": [0, 0, 1.45, 1], "texture": "#5"}
			}
		},
		{
			"from": [14.2, 0.7, 8.35],
			"to": [14.4, 1, 8.55],
			"rotation": {"angle": 0, "axis": "y", "origin": [34.65, 8.1, 14.35]},
			"faces": {
				"north": {"uv": [0, 0, 1.45, 1.1], "texture": "#5"},
				"east": {"uv": [0, 0, 1, 1.1], "texture": "#5"},
				"south": {"uv": [0, 0, 1.45, 1.1], "texture": "#5"},
				"west": {"uv": [0, 0, 1, 1.1], "texture": "#5"},
				"up": {"uv": [0, 0, 1.45, 1], "texture": "#5"},
				"down": {"uv": [0, 0, 1.45, 1], "texture": "#5"}
			}
		},
		{
			"from": [13.75, 0.55, 8.45],
			"to": [13.85, 0.9, 8.7],
			"rotation": {"angle": 0, "axis": "y", "origin": [34.1, 8, 14.45]},
			"faces": {
				"north": {"uv": [0, 0, 1.45, 1.1], "texture": "#5"},
				"east": {"uv": [0, 0, 1, 1.1], "texture": "#5"},
				"south": {"uv": [0, 0, 1.45, 1.1], "texture": "#5"},
				"west": {"uv": [0, 0, 1, 1.1], "texture": "#5"},
				"up": {"uv": [0, 0, 1.45, 1], "texture": "#5"},
				"down": {"uv": [0, 0, 1.45, 1], "texture": "#5"}
			}
		},
		{
			"from": [13.75, 0.1, 8.45],
			"to": [13.85, 0.45, 8.7],
			"rotation": {"angle": 0, "axis": "y", "origin": [34.1, 7.5, 14.45]},
			"faces": {
				"north": {"uv": [0, 0, 1.45, 1.1], "texture": "#5"},
				"east": {"uv": [0, 0, 1, 1.1], "texture": "#5"},
				"south": {"uv": [0, 0, 1.45, 1.1], "texture": "#5"},
				"west": {"uv": [0, 0, 1, 1.1], "texture": "#5"},
				"up": {"uv": [0, 0, 1.45, 1], "texture": "#5"},
				"down": {"uv": [0, 0, 1.45, 1], "texture": "#5"}
			}
		},
		{
			"from": [13.75, 0.45, 8.45],
			"to": [13.85, 0.55, 8.5],
			"rotation": {"angle": 0, "axis": "y", "origin": [34.1, 7.6, 14.45]},
			"faces": {
				"north": {"uv": [0, 0, 1.45, 1.1], "texture": "#5"},
				"east": {"uv": [0, 0, 1, 1.1], "texture": "#5"},
				"south": {"uv": [0, 0, 1.45, 1.1], "texture": "#5"},
				"west": {"uv": [0, 0, 1, 1.1], "texture": "#5"},
				"up": {"uv": [0, 0, 1.45, 1], "texture": "#5"},
				"down": {"uv": [0, 0, 1.45, 1], "texture": "#5"}
			}
		},
		{
			"from": [14.2, 0, 8.35],
			"to": [14.4, 0.3, 8.55],
			"rotation": {"angle": 0, "axis": "y", "origin": [34.65, 7.4, 14.35]},
			"faces": {
				"north": {"uv": [0, 0, 1.45, 1.1], "texture": "#5"},
				"east": {"uv": [0, 0, 1, 1.1], "texture": "#5"},
				"south": {"uv": [0, 0, 1.45, 1.1], "texture": "#5"},
				"west": {"uv": [0, 0, 1, 1.1], "texture": "#5"},
				"up": {"uv": [0, 0, 1.45, 1], "texture": "#5"},
				"down": {"uv": [0, 0, 1.45, 1], "texture": "#5"}
			}
		},
		{
			"from": [15.3, -0.05, 7.35],
			"to": [18.4, 1.05, 7.65],
			"rotation": {"angle": 0, "axis": "y", "origin": [37.05, 8, 14.25]},
			"faces": {
				"north": {"uv": [0, 0, 1.45, 1.1], "texture": "#4"},
				"east": {"uv": [0, 0, 1, 1.1], "texture": "#4"},
				"south": {"uv": [0, 0, 1.45, 1.1], "texture": "#4"},
				"west": {"uv": [0, 0, 1, 1.1], "texture": "#4"},
				"up": {"uv": [0, 0, 1.45, 1], "texture": "#4"},
				"down": {"uv": [0, 0, 1.45, 1], "texture": "#4"}
			}
		},
		{
			"from": [4.1, -0.15, 6.95],
			"to": [4.85, 1.15, 7.35],
			"rotation": {"angle": 0, "axis": "y", "origin": [25.75, 8, 12.55]},
			"faces": {
				"north": {"uv": [0, 0, 1.45, 1.1], "texture": "#0"},
				"east": {"uv": [0, 0, 1, 1.1], "texture": "#0"},
				"south": {"uv": [0, 0, 1.45, 1.1], "texture": "#0"},
				"west": {"uv": [0, 0, 1, 1.1], "texture": "#0"},
				"up": {"uv": [0, 0, 1.45, 1], "texture": "#0"},
				"down": {"uv": [0, 0, 1.45, 1], "texture": "#0"}
			}
		},
		{
			"from": [-2.9, 0.2, 6.05],
			"to": [4.85, 0.8, 7.25],
			"rotation": {"angle": 0, "axis": "y", "origin": [25.75, 8, 12.25]},
			"faces": {
				"north": {"uv": [0, 0, 1.45, 1.1], "texture": "#0"},
				"east": {"uv": [0, 0, 1, 1.1], "texture": "#0"},
				"south": {"uv": [0, 0, 1.45, 1.1], "texture": "#0"},
				"west": {"uv": [0, 0, 1, 1.1], "texture": "#0"},
				"up": {"uv": [0, 0, 1.45, 1], "texture": "#0"},
				"down": {"uv": [0, 0, 1.45, 1], "texture": "#0"}
			}
		},
		{
			"from": [-2.9, 0.2, 4.15],
			"to": [-1.25, 0.8, 6.05],
			"rotation": {"angle": 0, "axis": "y", "origin": [25.75, 8, 12.25]},
			"faces": {
				"north": {"uv": [0, 0, 1.45, 1.1], "texture": "#0"},
				"east": {"uv": [0, 0, 1, 1.1], "texture": "#0"},
				"south": {"uv": [0, 0, 1.45, 1.1], "texture": "#0"},
				"west": {"uv": [0, 0, 1, 1.1], "texture": "#0"},
				"up": {"uv": [0, 0, 1.45, 1], "texture": "#0"},
				"down": {"uv": [0, 0, 1.45, 1], "texture": "#0"}
			}
		},
		{
			"from": [-0.5, 0.2, 5.25],
			"to": [1.25, 0.8, 6.05],
			"rotation": {"angle": 0, "axis": "y", "origin": [28.25, 8, 12.25]},
			"faces": {
				"north": {"uv": [0, 0, 1.45, 1.1], "texture": "#0"},
				"east": {"uv": [0, 0, 1, 1.1], "texture": "#0"},
				"south": {"uv": [0, 0, 1.45, 1.1], "texture": "#0"},
				"west": {"uv": [0, 0, 1, 1.1], "texture": "#0"},
				"up": {"uv": [0, 0, 1.45, 1], "texture": "#0"},
				"down": {"uv": [0, 0, 1.45, 1], "texture": "#0"}
			}
		},
		{
			"from": [-5.75, 0.2, -14.35],
			"to": [-4.45, 0.8, -11.65],
			"rotation": {"angle": 45, "axis": "y", "origin": [18.95, 8, -8.35]},
			"faces": {
				"north": {"uv": [0, 0, 1.45, 1.1], "texture": "#0"},
				"east": {"uv": [0, 0, 1, 1.1], "texture": "#0"},
				"south": {"uv": [0, 0, 1.45, 1.1], "texture": "#0"},
				"west": {"uv": [0, 0, 1, 1.1], "texture": "#0"},
				"up": {"uv": [0, 0, 1.45, 1], "texture": "#0"},
				"down": {"uv": [0, 0, 1.45, 1], "texture": "#0"}
			}
		},
		{
			"from": [-7.2, 0.2, 13.45],
			"to": [-0.15, 0.8, 14.25],
			"rotation": {"angle": -22.5, "axis": "y", "origin": [20.15, 8, 18.95]},
			"faces": {
				"north": {"uv": [0, 0, 1.45, 1.1], "texture": "#0"},
				"east": {"uv": [0, 0, 1, 1.1], "texture": "#0"},
				"south": {"uv": [0, 0, 1.45, 1.1], "texture": "#0"},
				"west": {"uv": [0, 0, 1, 1.1], "texture": "#0"},
				"up": {"uv": [0, 0, 1.45, 1], "texture": "#0"},
				"down": {"uv": [0, 0, 1.45, 1], "texture": "#0"}
			}
		},
		{
			"from": [-3.35, -0.05, 3.15],
			"to": [-2.9, 1.05, 7.35],
			"rotation": {"angle": 0, "axis": "y", "origin": [25.4, 8, 12.25]},
			"faces": {
				"north": {"uv": [0, 0, 1.45, 1.1], "texture": "#0"},
				"east": {"uv": [0, 0, 1, 1.1], "texture": "#0"},
				"south": {"uv": [0, 0, 1.45, 1.1], "texture": "#0"},
				"west": {"uv": [0, 0, 1, 1.1], "texture": "#0"},
				"up": {"uv": [0, 0, 1.45, 1], "texture": "#0"},
				"down": {"uv": [0, 0, 1.45, 1], "texture": "#0"}
			}
		},
		{
			"from": [-3.35, 0.15, 3.05],
			"to": [-2.9, 0.95, 3.15],
			"rotation": {"angle": 0, "axis": "y", "origin": [25.4, 8, 13.25]},
			"faces": {
				"north": {"uv": [0, 0, 1.45, 1.1], "texture": "#0"},
				"east": {"uv": [0, 0, 1, 1.1], "texture": "#0"},
				"south": {"uv": [0, 0, 1.45, 1.1], "texture": "#0"},
				"west": {"uv": [0, 0, 1, 1.1], "texture": "#0"},
				"up": {"uv": [0, 0, 1.45, 1], "texture": "#0"},
				"down": {"uv": [0, 0, 1.45, 1], "texture": "#0"}
			}
		},
		{
			"from": [-3.35, 0.15, 7.35],
			"to": [-2.9, 0.95, 7.45],
			"rotation": {"angle": 0, "axis": "y", "origin": [25.4, 8, 17.55]},
			"faces": {
				"north": {"uv": [0, 0, 1.45, 1.1], "texture": "#0"},
				"east": {"uv": [0, 0, 1, 1.1], "texture": "#0"},
				"south": {"uv": [0, 0, 1.45, 1.1], "texture": "#0"},
				"west": {"uv": [0, 0, 1, 1.1], "texture": "#0"},
				"up": {"uv": [0, 0, 1.45, 1], "texture": "#0"},
				"down": {"uv": [0, 0, 1.45, 1], "texture": "#0"}
			}
		},
		{
			"from": [-2.9, 0, 6.25],
			"to": [4.85, 1, 7.05],
			"rotation": {"angle": 0, "axis": "x", "origin": [25.75, -5.2, 14.05]},
			"faces": {
				"north": {"uv": [0, 0, 1.45, 1], "rotation": 180, "texture": "#0"},
				"east": {"uv": [0, 0, 1, 1.1], "rotation": 270, "texture": "#0"},
				"south": {"uv": [0, 0, 1.45, 1], "texture": "#0"},
				"west": {"uv": [0, 0, 1, 1.1], "rotation": 90, "texture": "#0"},
				"up": {"uv": [0, 0, 1.45, 1.1], "rotation": 180, "texture": "#0"},
				"down": {"uv": [0, 0, 1.45, 1.1], "texture": "#0"}
			}
		},
		{
			"from": [4.5, 0.05, 7.35],
			"to": [5.25, 0.95, 7.75],
			"rotation": {"angle": 0, "axis": "y", "origin": [26.15, 8, 12.95]},
			"faces": {
				"north": {"uv": [0, 0, 1.45, 1.1], "texture": "#0"},
				"east": {"uv": [0, 0, 1, 1.1], "texture": "#0"},
				"south": {"uv": [0, 0, 1.45, 1.1], "texture": "#0"},
				"west": {"uv": [0, 0, 1, 1.1], "texture": "#0"},
				"up": {"uv": [0, 0, 1.45, 1], "texture": "#0"},
				"down": {"uv": [0, 0, 1.45, 1], "texture": "#0"}
			}
		},
		{
			"from": [4.5, 1.35, 0.4],
			"to": [5.25, 1.55, 0.55],
			"rotation": {"angle": -45, "axis": "x", "origin": [26.15, 9.3, 5.65]},
			"faces": {
				"north": {"uv": [0, 0, 1.45, 1.1], "texture": "#0"},
				"east": {"uv": [0, 0, 1, 1.1], "texture": "#0"},
				"south": {"uv": [0, 0, 1.45, 1.1], "texture": "#0"},
				"west": {"uv": [0, 0, 1, 1.1], "texture": "#0"},
				"up": {"uv": [0, 0, 1.45, 1], "texture": "#0"},
				"down": {"uv": [0, 0, 1.45, 1], "texture": "#0"}
			}
		},
		{
			"from": [4.3, 0.05, 7.35],
			"to": [4.85, 0.95, 7.55],
			"rotation": {"angle": 0, "axis": "y", "origin": [25.95, 8, 12.95]},
			"faces": {
				"north": {"uv": [0, 0, 1.45, 1.1], "texture": "#0"},
				"east": {"uv": [0, 0, 1, 1.1], "texture": "#0"},
				"south": {"uv": [0, 0, 1.45, 1.1], "texture": "#0"},
				"west": {"uv": [0, 0, 1, 1.1], "texture": "#0"},
				"up": {"uv": [0, 0, 1.45, 1], "texture": "#0"},
				"down": {"uv": [0, 0, 1.45, 1], "texture": "#0"}
			}
		},
		{
			"from": [4.5, -0.05, 7.35],
			"to": [5.25, 1.05, 7.55],
			"rotation": {"angle": 0, "axis": "y", "origin": [26.15, 8, 12.95]},
			"faces": {
				"north": {"uv": [0, 0, 1.45, 1.1], "texture": "#0"},
				"east": {"uv": [0, 0, 1, 1.1], "texture": "#0"},
				"south": {"uv": [0, 0, 1.45, 1.1], "texture": "#0"},
				"west": {"uv": [0, 0, 1, 1.1], "texture": "#0"},
				"up": {"uv": [0, 0, 1.45, 1], "texture": "#0"},
				"down": {"uv": [0, 0, 1.45, 1], "texture": "#0"}
			}
		},
		{
			"from": [4.5, -5.15, 10.8],
			"to": [5.25, -4.95, 11],
			"rotation": {"angle": 45, "axis": "x", "origin": [26.15, 2, 16.4]},
			"faces": {
				"north": {"uv": [0, 0, 1.45, 1.1], "texture": "#0"},
				"east": {"uv": [0, 0, 1, 1.1], "texture": "#0"},
				"south": {"uv": [0, 0, 1.45, 1.1], "texture": "#0"},
				"west": {"uv": [0, 0, 1, 1.1], "texture": "#0"},
				"up": {"uv": [0, 0, 1.45, 1], "texture": "#0"},
				"down": {"uv": [0, 0, 1.45, 1], "texture": "#0"}
			}
		},
		{
			"from": [0.35, -0.15, 13.4],
			"to": [1.4, 1.15, 14.8],
			"rotation": {"angle": -22.5, "axis": "y", "origin": [22, 8, 20.3]},
			"faces": {
				"north": {"uv": [0, 0, 1.45, 1.1], "texture": "#0"},
				"east": {"uv": [0, 0, 1, 1.1], "texture": "#0"},
				"south": {"uv": [0, 0, 1.45, 1.1], "texture": "#0"},
				"west": {"uv": [0, 0, 1, 1.1], "texture": "#0"},
				"up": {"uv": [0, 0, 1.45, 1], "texture": "#0"},
				"down": {"uv": [0, 0, 1.45, 1], "texture": "#0"}
			}
		},
		{
			"from": [4.95, -2.55, 9.45],
			"to": [13.6, -2.05, 10.25],
			"rotation": {"angle": 22.5, "axis": "x", "origin": [26.3, 4.8, 16.45]},
			"faces": {
				"north": {"uv": [0, 0, 1.45, 1.1], "texture": "#0"},
				"east": {"uv": [0, 0, 1, 1.1], "texture": "#0"},
				"south": {"uv": [0, 0, 1.45, 1.1], "texture": "#0"},
				"west": {"uv": [0, 0, 1, 1.1], "texture": "#0"},
				"up": {"uv": [0, 0, 1.45, 1], "texture": "#0"},
				"down": {"uv": [0, 0, 1.45, 1], "texture": "#0"}
			}
		},
		{
			"from": [15.35, -2.55, 9.75],
			"to": [18.4, -2.05, 10.25],
			"rotation": {"angle": 22.5, "axis": "x", "origin": [31.1, 4.8, 16.45]},
			"faces": {
				"north": {"uv": [0, 0, 1.45, 1.1], "texture": "#4"},
				"east": {"uv": [0, 0, 1, 1.1], "texture": "#4"},
				"south": {"uv": [0, 0, 1.45, 1.1], "texture": "#4"},
				"west": {"uv": [0, 0, 1, 1.1], "texture": "#4"},
				"up": {"uv": [0, 0, 1.45, 1], "texture": "#4"},
				"down": {"uv": [0, 0, 1.45, 1], "texture": "#4"}
			}
		}
	],
	"display": {
		"thirdperson_righthand": {
			"rotation": [-90, 0, 90],
			"translation": [-8, 2.25, 0.75],
			"scale": [0.9, 1, 1]
		},
		"thirdperson_lefthand": {
			"rotation": [-90, 0, -90],
			"translation": [8.5, 1.5, 0.5],
			"scale": [1.1, 1.1, 1.1]
		},
		"firstperson_righthand": {
			"rotation": [-85, 13, 85],
			"translation": [-5.25, 16, -8.5],
			"scale": [1, 1.1, 1.1]
		},
		"firstperson_lefthand": {
			"rotation": [-90, 16, 0],
			"translation": [-7.25, 3.65, -5.25],
			"scale": [1.1, 1.1, 1.1]
		},
		"ground": {
			"rotation": [-90, 0, 0],
			"translation": [0.25, 3, -8],
			"scale": [1.1, 1.1, 1.1]
		},
		"gui": {
			"rotation": [-55, 45, -175],
			"translation": [3.25, -4.75, 0],
			"scale": [0.8, 0.9, 0.9]
		},
		"fixed": {
			"rotation": [-90, -40, 0],
			"translation": [-7, -1.25, -17],
			"scale": [1.8, 2, 2]
		}
	},
	"groups": [
		{
			"name": "group",
			"origin": [23.6, 8, 18.2],
			"color": 0,
			"children": [0, 1, 2, 3, 4, 5, 6, 7, 8, 9, 10, 11, 12, 13, 14, 15, 16, 17, 18, 19, 20, 21, 22, 23, 24, 25, 26, 27, 28, 29, 30, 31, 32, 33, 34, 35, 36, 37, 38, 39, 40, 41, 42, 43, 44, 45, 46, 47, 48, 49, 50, 51, 52, 53, 54, 55, 56, 57, 58, 59, 60, 61, 62, 63, 64, 65, 66, 67, 68, 69, 70, 71, 72, 73, 74, 75, 76, 77, 78, 79, 80, 81, 82, 83, 84, 85, 86, 87, 88, 89, 90, 91, 92, 93, 94, 95, 96, 97, 98, 99, 100, 101, 102, 103, 104]
		}
	]
}